test_invalid_adjudication_keeps_base (graph_synthesis.adaptive.tests.test_adaptive.FailureIsolationTests.test_invalid_adjudication_keeps_base) ... ok
test_invalid_base_uses_standalone_compact (graph_synthesis.adaptive.tests.test_adaptive.FailureIsolationTests.test_invalid_base_uses_standalone_compact) ... ok
test_invalid_checks_cannot_authorize_adjudication (graph_synthesis.adaptive.tests.test_adaptive.FailureIsolationTests.test_invalid_checks_cannot_authorize_adjudication) ... ok
test_two_failures_remain_failure (graph_synthesis.adaptive.tests.test_adaptive.FailureIsolationTests.test_two_failures_remain_failure) ... ok
test_valid_chain_keeps_adjudication (graph_synthesis.adaptive.tests.test_adaptive.FailureIsolationTests.test_valid_chain_keeps_adjudication) ... ok
test_component_not_batch_limit (graph_synthesis.adaptive.tests.test_adaptive.JointTests.test_component_not_batch_limit) ... ok
test_duplicate_ids_rejected (graph_synthesis.adaptive.tests.test_adaptive.JointTests.test_duplicate_ids_rejected) ... ok
test_empty_batch (graph_synthesis.adaptive.tests.test_adaptive.JointTests.test_empty_batch) ... ok
test_half_open_endpoints (graph_synthesis.adaptive.tests.test_adaptive.JointTests.test_half_open_endpoints) ... ok
test_invalid_limit_rejected (graph_synthesis.adaptive.tests.test_adaptive.JointTests.test_invalid_limit_rejected) ... ok
test_joint_beats_greedy (graph_synthesis.adaptive.tests.test_adaptive.JointTests.test_joint_beats_greedy) ... ok
test_matches_independent_oracle (graph_synthesis.adaptive.tests.test_adaptive.JointTests.test_matches_independent_oracle) ... ok
test_negative_weight_staged (graph_synthesis.adaptive.tests.test_adaptive.JointTests.test_negative_weight_staged) ... ok
test_nonfinite_weight_staged (graph_synthesis.adaptive.tests.test_adaptive.JointTests.test_nonfinite_weight_staged) ... ok
test_opposite_polarities_conflict (graph_synthesis.adaptive.tests.test_adaptive.JointTests.test_opposite_polarities_conflict) ... ok
test_oracle_detects_collision (graph_synthesis.adaptive.tests.test_adaptive.JointTests.test_oracle_detects_collision) ... ok
test_oversized_component_staged (graph_synthesis.adaptive.tests.test_adaptive.JointTests.test_oversized_component_staged) ... ok
test_permutation_invariance (graph_synthesis.adaptive.tests.test_adaptive.JointTests.test_permutation_invariance) ... ok
test_scope_separates_components (graph_synthesis.adaptive.tests.test_adaptive.JointTests.test_scope_separates_components) ... ok
test_stable_zero_weight_ties (graph_synthesis.adaptive.tests.test_adaptive.JointTests.test_stable_zero_weight_ties) ... ok
test_unknown_staged (graph_synthesis.adaptive.tests.test_adaptive.JointTests.test_unknown_staged) ... ok
test_weights_not_truth (graph_synthesis.adaptive.tests.test_adaptive.JointTests.test_weights_not_truth) ... ok
test_duplicates_rejected (graph_synthesis.adaptive.tests.test_adaptive.ReviewTests.test_duplicates_rejected) ... ok
test_empty_risk_fit_rejected (graph_synthesis.adaptive.tests.test_adaptive.ReviewTests.test_empty_risk_fit_rejected) ... ok
test_false_removal_cost (graph_synthesis.adaptive.tests.test_adaptive.ReviewTests.test_false_removal_cost) ... ok
test_group_marginal_differs_from_individual (graph_synthesis.adaptive.tests.test_adaptive.ReviewTests.test_group_marginal_differs_from_individual) ... ok
test_invalid_risk_rejected (graph_synthesis.adaptive.tests.test_adaptive.ReviewTests.test_invalid_risk_rejected) ... ok
test_review_expected_contamination (graph_synthesis.adaptive.tests.test_adaptive.ReviewTests.test_review_expected_contamination) ... ok
test_stable_ties (graph_synthesis.adaptive.tests.test_adaptive.ReviewTests.test_stable_ties) ... ok
test_test_risk_fit_rejected (graph_synthesis.adaptive.tests.test_adaptive.ReviewTests.test_test_risk_fit_rejected) ... ok
test_unreviewed_wrong_contaminates (graph_synthesis.adaptive.tests.test_adaptive.ReviewTests.test_unreviewed_wrong_contaminates) ... ok
test_agree_skips_rich (graph_synthesis.adaptive.tests.test_adaptive.RoutingTests.test_agree_skips_rich) ... ok
test_compact_error_escalates (graph_synthesis.adaptive.tests.test_adaptive.RoutingTests.test_compact_error_escalates) ... ok
test_confidence_has_no_reviewer_cost (graph_synthesis.adaptive.tests.test_adaptive.RoutingTests.test_confidence_has_no_reviewer_cost) ... ok
test_confidence_threshold (graph_synthesis.adaptive.tests.test_adaptive.RoutingTests.test_confidence_threshold) ... ok
test_deduplicate_accounting (graph_synthesis.adaptive.tests.test_adaptive.RoutingTests.test_deduplicate_accounting) ... ok
test_disagree_charges_rich (graph_synthesis.adaptive.tests.test_adaptive.RoutingTests.test_disagree_charges_rich) ... ok
test_fallback_failure_stays_error (graph_synthesis.adaptive.tests.test_adaptive.RoutingTests.test_fallback_failure_stays_error) ... ok
test_negative_usage_rejected (graph_synthesis.adaptive.tests.test_adaptive.RoutingTests.test_negative_usage_rejected) ... ok
test_reviewer_error_escalates (graph_synthesis.adaptive.tests.test_adaptive.RoutingTests.test_reviewer_error_escalates) ... ok
test_unknown_usage_rejected (graph_synthesis.adaptive.tests.test_adaptive.RoutingTests.test_unknown_usage_rejected) ... ok
test_all_views_charged (graph_synthesis.adaptive.tests.test_adaptive.VotingTests.test_all_views_charged) ... ok
test_duplicate_view_cluster_rejected (graph_synthesis.adaptive.tests.test_adaptive.VotingTests.test_duplicate_view_cluster_rejected) ... ok
test_flat_majority (graph_synthesis.adaptive.tests.test_adaptive.VotingTests.test_flat_majority) ... ok
test_identical_errors_collapse (graph_synthesis.adaptive.tests.test_adaptive.VotingTests.test_identical_errors_collapse) ... ok
test_invalid_component_is_error (graph_synthesis.adaptive.tests.test_adaptive.VotingTests.test_invalid_component_is_error) ... ok
test_mixed_fit_rejected (graph_synthesis.adaptive.tests.test_adaptive.VotingTests.test_mixed_fit_rejected) ... ok
test_negative_needs_no_corroboration (graph_synthesis.adaptive.tests.test_adaptive.VotingTests.test_negative_needs_no_corroboration) ... ok
test_no_errors_not_independence (graph_synthesis.adaptive.tests.test_adaptive.VotingTests.test_no_errors_not_independence) ... ok
test_one_cluster_cannot_emit_positive (graph_synthesis.adaptive.tests.test_adaptive.VotingTests.test_one_cluster_cannot_emit_positive) ... ok
test_test_fit_rejected (graph_synthesis.adaptive.tests.test_adaptive.VotingTests.test_test_fit_rejected) ... ok
test_valid_same_cluster_view_can_replace_failure (graph_synthesis.adaptive.tests.test_adaptive.VotingTests.test_valid_same_cluster_view_can_replace_failure) ... ok
test_posix_matches_windows (graph_synthesis.adaptive.tests.test_paths.ProvenancePathTests.test_posix_matches_windows) ... ok
test_windows_uses_forward_slashes (graph_synthesis.adaptive.tests.test_paths.ProvenancePathTests.test_windows_uses_forward_slashes) ... ok
test_ideal_review_does_not_add_missing_edges (graph_synthesis.adaptive.tests.test_reporting.MetricBoundaryTests.test_ideal_review_does_not_add_missing_edges) ... ok
test_matched_selection_uses_id_tie_break (graph_synthesis.adaptive.tests.test_reporting.MetricBoundaryTests.test_matched_selection_uses_id_tie_break) ... ok
test_metric_types_match_saved_json (graph_synthesis.adaptive.tests.test_reporting.MetricBoundaryTests.test_metric_types_match_saved_json) ... ok
test_operational_failures_remain_denominator (graph_synthesis.adaptive.tests.test_reporting.MetricBoundaryTests.test_operational_failures_remain_denominator) ... ok
test_wrong_polarity_is_wrong_accepted_edge (graph_synthesis.adaptive.tests.test_reporting.MetricBoundaryTests.test_wrong_polarity_is_wrong_accepted_edge) ... ok
test_additive_update_keeps_history (graph_synthesis.adaptive.tests.test_reporting.ReportingTests.test_additive_update_keeps_history) ... ok
test_missing_end_fails (graph_synthesis.adaptive.tests.test_reporting.ReportingTests.test_missing_end_fails) ... ok
test_missing_start_fails (graph_synthesis.adaptive.tests.test_reporting.ReportingTests.test_missing_start_fails) ... ok
test_replacing_preserves_both_sides (graph_synthesis.adaptive.tests.test_reporting.ReportingTests.test_replacing_preserves_both_sides) ... ok
test_update_is_idempotent (graph_synthesis.adaptive.tests.test_reporting.ReportingTests.test_update_is_idempotent) ... ok
test_all_external_subsets_against_cold_scan (graph_synthesis.assumption_aware.tests.test_methods.GroundingTests.test_all_external_subsets_against_cold_scan) ... ok
test_alternate_grounding_survives (graph_synthesis.assumption_aware.tests.test_methods.GroundingTests.test_alternate_grounding_survives) ... ok
test_bad_rules (graph_synthesis.assumption_aware.tests.test_methods.GroundingTests.test_bad_rules) ... ok
test_bad_update_atomic (graph_synthesis.assumption_aware.tests.test_methods.GroundingTests.test_bad_update_atomic) ... ok
test_duplicate_body_and_rules (graph_synthesis.assumption_aware.tests.test_methods.GroundingTests.test_duplicate_body_and_rules) ... ok
test_empty_body_axiom (graph_synthesis.assumption_aware.tests.test_methods.GroundingTests.test_empty_body_axiom) ... ok
test_initialization_cost_explicit (graph_synthesis.assumption_aware.tests.test_methods.GroundingTests.test_initialization_cost_explicit) ... ok
test_pure_cycle_never_self_grounds (graph_synthesis.assumption_aware.tests.test_methods.GroundingTests.test_pure_cycle_never_self_grounds) ... ok
test_self_loop_needs_external (graph_synthesis.assumption_aware.tests.test_methods.GroundingTests.test_self_loop_needs_external) ... ok
test_withdrawing_only_seed_clears_cycle (graph_synthesis.assumption_aware.tests.test_methods.GroundingTests.test_withdrawing_only_seed_clears_cycle) ... ok
test_wrong_external_can_ground_wrong_conclusion (graph_synthesis.assumption_aware.tests.test_methods.GroundingTests.test_wrong_external_can_ground_wrong_conclusion) ... ok
test_atom_cap_explicit (graph_synthesis.assumption_aware.tests.test_methods.ProbabilityTests.test_atom_cap_explicit) ... ok
test_duplicate_subsumed_invariance (graph_synthesis.assumption_aware.tests.test_methods.ProbabilityTests.test_duplicate_subsumed_invariance) ... ok
test_empty_and_tautology (graph_synthesis.assumption_aware.tests.test_methods.ProbabilityTests.test_empty_and_tautology) ... ok
test_false_independence_not_admitted (graph_synthesis.assumption_aware.tests.test_methods.ProbabilityTests.test_false_independence_not_admitted) ... ok
test_inconsistent_constraints_stage (graph_synthesis.assumption_aware.tests.test_methods.ProbabilityTests.test_inconsistent_constraints_stage) ... ok
test_invalid_marginals (graph_synthesis.assumption_aware.tests.test_methods.ProbabilityTests.test_invalid_marginals) ... ok
test_invalid_proof_pair_and_caps (graph_synthesis.assumption_aware.tests.test_methods.ProbabilityTests.test_invalid_proof_pair_and_caps) ... ok
test_known_intersection (graph_synthesis.assumption_aware.tests.test_methods.ProbabilityTests.test_known_intersection) ... ok
test_solver_failure_never_admits (graph_synthesis.assumption_aware.tests.test_methods.ProbabilityTests.test_solver_failure_never_admits) ... ok
test_two_event_analytic_bounds (graph_synthesis.assumption_aware.tests.test_methods.ProbabilityTests.test_two_event_analytic_bounds) ... ok
test_all_graphs_three_vertices_all_binary_weights (graph_synthesis.assumption_aware.tests.test_methods.RepairTests.test_all_graphs_three_vertices_all_binary_weights) ... ok
test_call_cap_partial_not_false_certainty (graph_synthesis.assumption_aware.tests.test_methods.RepairTests.test_call_cap_partial_not_false_certainty) ... ok
test_dense_unsupported_is_unknown (graph_synthesis.assumption_aware.tests.test_methods.RepairTests.test_dense_unsupported_is_unknown) ... ok
test_empty_graph (graph_synthesis.assumption_aware.tests.test_methods.RepairTests.test_empty_graph) ... ok
test_equal_pair_disjunction_not_member (graph_synthesis.assumption_aware.tests.test_methods.RepairTests.test_equal_pair_disjunction_not_member) ... ok
test_false_priority_remains_false (graph_synthesis.assumption_aware.tests.test_methods.RepairTests.test_false_priority_remains_false) ... ok
test_input_order_and_duplicate_edges (graph_synthesis.assumption_aware.tests.test_methods.RepairTests.test_input_order_and_duplicate_edges) ... ok
test_query_validation (graph_synthesis.assumption_aware.tests.test_methods.RepairTests.test_query_validation) ... ok
test_unique_optimum (graph_synthesis.assumption_aware.tests.test_methods.RepairTests.test_unique_optimum) ... ok
test_vertex_cap (graph_synthesis.assumption_aware.tests.test_methods.RepairTests.test_vertex_cap) ... ok
test_empty_review_pool (graph_synthesis.assumption_aware.tests.test_methods.ReviewTests.test_empty_review_pool) ... ok
test_id_tie_deterministic (graph_synthesis.assumption_aware.tests.test_methods.ReviewTests.test_id_tie_deterministic) ... ok
test_invalid_risk_exposure_and_duplicate (graph_synthesis.assumption_aware.tests.test_methods.ReviewTests.test_invalid_risk_exposure_and_duplicate) ... ok
test_no_gold_access_and_no_mutation (graph_synthesis.assumption_aware.tests.test_methods.ReviewTests.test_no_gold_access_and_no_mutation) ... ok
test_uniform_matches_existing_strong_baseline (graph_synthesis.assumption_aware.tests.test_methods.ReviewTests.test_uniform_matches_existing_strong_baseline) ... ok
test_weights_can_change_priority (graph_synthesis.assumption_aware.tests.test_methods.ReviewTests.test_weights_can_change_priority) ... ok
test_bad_updates_atomic (graph_synthesis.assumption_aware.tests.test_methods.TreeTests.test_bad_updates_atomic) ... ok
test_copies_input_weights (graph_synthesis.assumption_aware.tests.test_methods.TreeTests.test_copies_input_weights) ... ok
test_malformed_graphs (graph_synthesis.assumption_aware.tests.test_methods.TreeTests.test_malformed_graphs) ... ok
test_reconstruction_charged (graph_synthesis.assumption_aware.tests.test_methods.TreeTests.test_reconstruction_charged) ... ok
test_same_value_no_visits (graph_synthesis.assumption_aware.tests.test_methods.TreeTests.test_same_value_no_visits) ... ok
test_single_vertex (graph_synthesis.assumption_aware.tests.test_methods.TreeTests.test_single_vertex) ... ok
test_small_path_all_weights_and_updates (graph_synthesis.assumption_aware.tests.test_methods.TreeTests.test_small_path_all_weights_and_updates) ... ok
test_append_after_latest_predecessor_and_preserve_content (graph_synthesis.assumption_aware.tests.test_reporting_integration.ReportingIntegrationTests.test_append_after_latest_predecessor_and_preserve_content) ... ok
test_missing_or_duplicated_predecessor_rejected (graph_synthesis.assumption_aware.tests.test_reporting_integration.ReportingIntegrationTests.test_missing_or_duplicated_predecessor_rejected) ... ok
test_replace_only_own_section (graph_synthesis.assumption_aware.tests.test_reporting_integration.ReportingIntegrationTests.test_replace_only_own_section) ... ok
test_caps_are_checked_after_group_expansion (graph_synthesis.corpus.tests.test_plan.CorpusPlanningTests.test_caps_are_checked_after_group_expansion) ... ok
test_cli_and_idempotent_replay (graph_synthesis.corpus.tests.test_plan.CorpusPlanningTests.test_cli_and_idempotent_replay) ... ok
test_cli_rejects_invalid_input_without_receipt (graph_synthesis.corpus.tests.test_plan.CorpusPlanningTests.test_cli_rejects_invalid_input_without_receipt) ... ok
test_config_stages_and_names (graph_synthesis.corpus.tests.test_plan.CorpusPlanningTests.test_config_stages_and_names) ... ok
test_config_unknown_fields (graph_synthesis.corpus.tests.test_plan.CorpusPlanningTests.test_config_unknown_fields) ... ok
test_cost_includes_arms_repeats_attempts_overhead (graph_synthesis.corpus.tests.test_plan.CorpusPlanningTests.test_cost_includes_arms_repeats_attempts_overhead) ... ok
test_deterministic_under_reordering (graph_synthesis.corpus.tests.test_plan.CorpusPlanningTests.test_deterministic_under_reordering) ... ok
test_duplicate_identifiers_and_text_rejected (graph_synthesis.corpus.tests.test_plan.CorpusPlanningTests.test_duplicate_identifiers_and_text_rejected) ... ok
test_empty_corpus_rejected (graph_synthesis.corpus.tests.test_plan.CorpusPlanningTests.test_empty_corpus_rejected) ... ok
test_empty_splits_blocked (graph_synthesis.corpus.tests.test_plan.CorpusPlanningTests.test_empty_splits_blocked) ... ok
test_entire_groups_selected_across_domains (graph_synthesis.corpus.tests.test_plan.CorpusPlanningTests.test_entire_groups_selected_across_domains) ... ok
test_group_has_one_split_across_all_stages (graph_synthesis.corpus.tests.test_plan.CorpusPlanningTests.test_group_has_one_split_across_all_stages) ... ok
test_invalid_counts (graph_synthesis.corpus.tests.test_plan.CorpusPlanningTests.test_invalid_counts) ... ok
test_labels_or_unknown_fields_rejected (graph_synthesis.corpus.tests.test_plan.CorpusPlanningTests.test_labels_or_unknown_fields_rejected) ... ok
test_manifest_hash_tracks_metadata_changes (graph_synthesis.corpus.tests.test_plan.CorpusPlanningTests.test_manifest_hash_tracks_metadata_changes) ... ok
test_missing_fields_rejected (graph_synthesis.corpus.tests.test_plan.CorpusPlanningTests.test_missing_fields_rejected) ... ok
test_money_validation (graph_synthesis.corpus.tests.test_plan.CorpusPlanningTests.test_money_validation) ... ok
test_nested_stages_and_additional_counts (graph_synthesis.corpus.tests.test_plan.CorpusPlanningTests.test_nested_stages_and_additional_counts) ... ok
test_network_disabled (graph_synthesis.corpus.tests.test_plan.CorpusPlanningTests.test_network_disabled) ... ok
test_never_authorizes_execution_even_under_caps (graph_synthesis.corpus.tests.test_plan.CorpusPlanningTests.test_never_authorizes_execution_even_under_caps) ... ok
test_receipt_hash (graph_synthesis.corpus.tests.test_plan.CorpusPlanningTests.test_receipt_hash) ... ok
test_receipt_idempotent_and_non_overwriting (graph_synthesis.corpus.tests.test_plan.CorpusPlanningTests.test_receipt_idempotent_and_non_overwriting) ... ok
test_reviewed_rights_and_full_text_required (graph_synthesis.corpus.tests.test_plan.CorpusPlanningTests.test_reviewed_rights_and_full_text_required) ... ok
test_seed_changes_assignment_or_sample (graph_synthesis.corpus.tests.test_plan.CorpusPlanningTests.test_seed_changes_assignment_or_sample) ... ok
test_sha_format (graph_synthesis.corpus.tests.test_plan.CorpusPlanningTests.test_sha_format) ... ok
test_shortage_is_not_silently_replaced_by_other_domains (graph_synthesis.corpus.tests.test_plan.CorpusPlanningTests.test_shortage_is_not_silently_replaced_by_other_domains) ... ok
test_split_does_not_depend_on_corpus_order_or_size (graph_synthesis.corpus.tests.test_plan.CorpusPlanningTests.test_split_does_not_depend_on_corpus_order_or_size) ... ok
test_split_percent_validation (graph_synthesis.corpus.tests.test_plan.CorpusPlanningTests.test_split_percent_validation) ... ok
test_strict_json_rejects_duplicate_keys_and_nonfinite_numbers (graph_synthesis.corpus.tests.test_plan.CorpusPlanningTests.test_strict_json_rejects_duplicate_keys_and_nonfinite_numbers) ... ok
test_unpriced_plan_blocked (graph_synthesis.corpus.tests.test_plan.CorpusPlanningTests.test_unpriced_plan_blocked) ... ok
test_year_and_domain_validation (graph_synthesis.corpus.tests.test_plan.CorpusPlanningTests.test_year_and_domain_validation) ... ok
test_zero_candidate_plan_blocked (graph_synthesis.corpus.tests.test_plan.CorpusPlanningTests.test_zero_candidate_plan_blocked) ... ok
test_all_errors_identity (graph_synthesis.followup.tests.test_followup.CalibrationTests.test_all_errors_identity) ... ok
test_argmax_preserved_grid (graph_synthesis.followup.tests.test_followup.CalibrationTests.test_argmax_preserved_grid) ... ok
test_bad_distribution (graph_synthesis.followup.tests.test_followup.CalibrationTests.test_bad_distribution) ... ok
test_bad_probability (graph_synthesis.followup.tests.test_followup.CalibrationTests.test_bad_probability) ... ok
test_bad_temperature (graph_synthesis.followup.tests.test_followup.CalibrationTests.test_bad_temperature) ... ok
test_bad_weight (graph_synthesis.followup.tests.test_followup.CalibrationTests.test_bad_weight) ... ok
test_component_split_disjoint (graph_synthesis.followup.tests.test_followup.CalibrationTests.test_component_split_disjoint) ... ok
test_empty_fit_rejected (graph_synthesis.followup.tests.test_followup.CalibrationTests.test_empty_fit_rejected) ... ok
test_fit_input_unchanged (graph_synthesis.followup.tests.test_followup.CalibrationTests.test_fit_input_unchanged) ... ok
test_group_guard_no_harm (graph_synthesis.followup.tests.test_followup.CalibrationTests.test_group_guard_no_harm) ... ok
test_identity_exact (graph_synthesis.followup.tests.test_followup.CalibrationTests.test_identity_exact) ... ok
test_invalid_loss_denominator (graph_synthesis.followup.tests.test_followup.CalibrationTests.test_invalid_loss_denominator) ... ok
test_normalizes (graph_synthesis.followup.tests.test_followup.CalibrationTests.test_normalizes) ... ok
test_split_enforced (graph_synthesis.followup.tests.test_followup.CalibrationTests.test_split_enforced) ... ok
test_zero_probability_finite (graph_synthesis.followup.tests.test_followup.CalibrationTests.test_zero_probability_finite) ... ok
test_zero_weight_exact (graph_synthesis.followup.tests.test_followup.CalibrationTests.test_zero_weight_exact) ... ok
test_evaluation_gold_does_not_change_fits (graph_synthesis.followup.tests.test_followup.EvidenceTests.test_evaluation_gold_does_not_change_fits) ... ok
test_h3_recall_full_gold_denominator (graph_synthesis.followup.tests.test_followup.EvidenceTests.test_h3_recall_full_gold_denominator) ... ok
test_model_failures_retained (graph_synthesis.followup.tests.test_followup.EvidenceTests.test_model_failures_retained) ... ok
test_no_network_on_data_loading (graph_synthesis.followup.tests.test_followup.EvidenceTests.test_no_network_on_data_loading) ... ok
test_primary_candidate_counts (graph_synthesis.followup.tests.test_followup.EvidenceTests.test_primary_candidate_counts) ... ok
test_source_purge_no_overlap (graph_synthesis.followup.tests.test_followup.EvidenceTests.test_source_purge_no_overlap) ... ok
test_disjoint_scopes (graph_synthesis.followup.tests.test_followup.IntervalTests.test_disjoint_scopes) ... ok
test_endpoint_touch_clear (graph_synthesis.followup.tests.test_followup.IntervalTests.test_endpoint_touch_clear) ... ok
test_finite_oracle (graph_synthesis.followup.tests.test_followup.IntervalTests.test_finite_oracle) ... ok
test_functional_collision (graph_synthesis.followup.tests.test_followup.IntervalTests.test_functional_collision) ... ok
test_invalid_interval_staged (graph_synthesis.followup.tests.test_followup.IntervalTests.test_invalid_interval_staged) ... ok
test_missing_endpoint_unknown (graph_synthesis.followup.tests.test_followup.IntervalTests.test_missing_endpoint_unknown) ... ok
test_nonfunctional_different_objects (graph_synthesis.followup.tests.test_followup.IntervalTests.test_nonfunctional_different_objects) ... ok
test_overlapping_opposition (graph_synthesis.followup.tests.test_followup.IntervalTests.test_overlapping_opposition) ... ok
test_qualifiers_not_mutated (graph_synthesis.followup.tests.test_followup.IntervalTests.test_qualifiers_not_mutated) ... ok
test_same_assertion_no_conflict (graph_synthesis.followup.tests.test_followup.IntervalTests.test_same_assertion_no_conflict) ... ok
test_unbounded_overlap (graph_synthesis.followup.tests.test_followup.IntervalTests.test_unbounded_overlap) ... ok
test_unknown_scope_staged (graph_synthesis.followup.tests.test_followup.IntervalTests.test_unknown_scope_staged) ... ok
test_benchmark_including_control (graph_synthesis.followup.tests.test_followup.LineageTests.test_benchmark_including_control) ... ok
test_corrupted_lineage_counterexample (graph_synthesis.followup.tests.test_followup.LineageTests.test_corrupted_lineage_counterexample) ... ok
test_disjoint_proofs_exact (graph_synthesis.followup.tests.test_followup.LineageTests.test_disjoint_proofs_exact) ... ok
test_duplicate_atom_idempotence (graph_synthesis.followup.tests.test_followup.LineageTests.test_duplicate_atom_idempotence) ... ok
test_duplicate_invariance (graph_synthesis.followup.tests.test_followup.LineageTests.test_duplicate_invariance) ... ok
test_empty_clause_rejected (graph_synthesis.followup.tests.test_followup.LineageTests.test_empty_clause_rejected) ... ok
test_empty_proofs_zero (graph_synthesis.followup.tests.test_followup.LineageTests.test_empty_proofs_zero) ... ok
test_exact_oracle_bounded (graph_synthesis.followup.tests.test_followup.LineageTests.test_exact_oracle_bounded) ... ok
test_fingerprint_independent_of_hash_seed (graph_synthesis.followup.tests.test_followup.LineageTests.test_fingerprint_independent_of_hash_seed) ... ok
test_permutation_invariance (graph_synthesis.followup.tests.test_followup.LineageTests.test_permutation_invariance) ... ok
test_probability_boundaries (graph_synthesis.followup.tests.test_followup.LineageTests.test_probability_boundaries) ... ok
test_random_finite_oracles (graph_synthesis.followup.tests.test_followup.LineageTests.test_random_finite_oracles) ... ok
test_shared_proofs_bounds (graph_synthesis.followup.tests.test_followup.LineageTests.test_shared_proofs_bounds) ... ok
test_single_proof_exact (graph_synthesis.followup.tests.test_followup.LineageTests.test_single_proof_exact) ... ok
test_unknown_atom_rejected (graph_synthesis.followup.tests.test_followup.LineageTests.test_unknown_atom_rejected) ... ok
test_interval_labels_survive_json_key_sort (graph_synthesis.followup.tests.test_followup.PresentationTests.test_interval_labels_survive_json_key_sort) ... ok
test_readers_use_explicit_utf8 (graph_synthesis.followup.tests.test_followup.PresentationTests.test_readers_use_explicit_utf8) ... ok
test_alignment_fails (graph_synthesis.followup.tests.test_followup.RoutingTests.test_alignment_fails) ... ok
test_direct_avoids_baseline_cost (graph_synthesis.followup.tests.test_followup.RoutingTests.test_direct_avoids_baseline_cost) ... ok
test_disagreement_staged (graph_synthesis.followup.tests.test_followup.RoutingTests.test_disagreement_staged) ... ok
test_error_always_escalates (graph_synthesis.followup.tests.test_followup.RoutingTests.test_error_always_escalates) ... ok
test_errors_retained (graph_synthesis.followup.tests.test_followup.RoutingTests.test_errors_retained) ... ok
test_features_strip_gold (graph_synthesis.followup.tests.test_followup.RoutingTests.test_features_strip_gold) ... ok
test_fit_has_safe_direct_fallback (graph_synthesis.followup.tests.test_followup.RoutingTests.test_fit_has_safe_direct_fallback) ... ok
test_fit_rejects_test_split (graph_synthesis.followup.tests.test_followup.RoutingTests.test_fit_rejects_test_split) ... ok
test_input_gold_not_needed (graph_synthesis.followup.tests.test_followup.RoutingTests.test_input_gold_not_needed) ... ok
test_missing_tokens_fails (graph_synthesis.followup.tests.test_followup.RoutingTests.test_missing_tokens_fails) ... ok
test_negative_threshold_separate (graph_synthesis.followup.tests.test_followup.RoutingTests.test_negative_threshold_separate) ... ok
test_no_precision_for_no_edges (graph_synthesis.followup.tests.test_followup.RoutingTests.test_no_precision_for_no_edges) ... ok
test_positive_escalation_cost (graph_synthesis.followup.tests.test_followup.RoutingTests.test_positive_escalation_cost) ... ok
test_stability_alignment (graph_synthesis.followup.tests.test_followup.RoutingTests.test_stability_alignment) ... ok
test_stability_is_not_truth (graph_synthesis.followup.tests.test_followup.RoutingTests.test_stability_is_not_truth) ... ok
test_stable_error_staged (graph_synthesis.followup.tests.test_followup.RoutingTests.test_stable_error_staged) ... ok
test_certificate (graph_synthesis.frontier.tests.test_frontier.ConflictTests.test_certificate) ... ok
test_dense_odd_clique_staged (graph_synthesis.frontier.tests.test_frontier.ConflictTests.test_dense_odd_clique_staged) ... ok
test_duplicate_edges (graph_synthesis.frontier.tests.test_frontier.ConflictTests.test_duplicate_edges) ... ok
test_empty_graph (graph_synthesis.frontier.tests.test_frontier.ConflictTests.test_empty_graph) ... ok
test_finite_oracle_exhaustive_topologies (graph_synthesis.frontier.tests.test_frontier.ConflictTests.test_finite_oracle_exhaustive_topologies) ... ok
test_invalid_weight (graph_synthesis.frontier.tests.test_frontier.ConflictTests.test_invalid_weight) ... ok
test_odd_cycle_fallback (graph_synthesis.frontier.tests.test_frontier.ConflictTests.test_odd_cycle_fallback) ... ok
test_optimum (graph_synthesis.frontier.tests.test_frontier.ConflictTests.test_optimum) ... ok
test_order_invariance (graph_synthesis.frontier.tests.test_frontier.ConflictTests.test_order_invariance) ... ok
test_self_conflict (graph_synthesis.frontier.tests.test_frontier.ConflictTests.test_self_conflict) ... ok
test_semantically_false_priority (graph_synthesis.frontier.tests.test_frontier.ConflictTests.test_semantically_false_priority) ... ok
test_tampered_certificates (graph_synthesis.frontier.tests.test_frontier.ConflictTests.test_tampered_certificates) ... ok
test_unknown_endpoint (graph_synthesis.frontier.tests.test_frontier.ConflictTests.test_unknown_endpoint) ... ok
test_zero_weights (graph_synthesis.frontier.tests.test_frontier.ConflictTests.test_zero_weights) ... ok
test_analytical_formula (graph_synthesis.frontier.tests.test_frontier.DiagramTests.test_analytical_formula) ... ok
test_atom_cap (graph_synthesis.frontier.tests.test_frontier.DiagramTests.test_atom_cap) ... ok
test_bad_atom (graph_synthesis.frontier.tests.test_frontier.DiagramTests.test_bad_atom) ... ok
test_cap_bounds (graph_synthesis.frontier.tests.test_frontier.DiagramTests.test_cap_bounds) ... ok
test_compile_reuse_is_immutable (graph_synthesis.frontier.tests.test_frontier.DiagramTests.test_compile_reuse_is_immutable) ... ok
test_duplicate_permutation (graph_synthesis.frontier.tests.test_frontier.DiagramTests.test_duplicate_permutation) ... ok
test_empty_disjunction (graph_synthesis.frontier.tests.test_frontier.DiagramTests.test_empty_disjunction) ... ok
test_extra_probabilities (graph_synthesis.frontier.tests.test_frontier.DiagramTests.test_extra_probabilities) ... ok
test_invalid_probabilities (graph_synthesis.frontier.tests.test_frontier.DiagramTests.test_invalid_probabilities) ... ok
test_invalid_state_caps (graph_synthesis.frontier.tests.test_frontier.DiagramTests.test_invalid_state_caps) ... ok
test_large_fan (graph_synthesis.frontier.tests.test_frontier.DiagramTests.test_large_fan) ... ok
test_missing_probabilities (graph_synthesis.frontier.tests.test_frontier.DiagramTests.test_missing_probabilities) ... ok
test_probability_endpoints (graph_synthesis.frontier.tests.test_frontier.DiagramTests.test_probability_endpoints) ... ok
test_proof_cap (graph_synthesis.frontier.tests.test_frontier.DiagramTests.test_proof_cap) ... ok
test_reject_empty_proof (graph_synthesis.frontier.tests.test_frontier.DiagramTests.test_reject_empty_proof) ... ok
test_subsumed_proofs (graph_synthesis.frontier.tests.test_frontier.DiagramTests.test_subsumed_proofs) ... ok
test_all_declared_hashes (graph_synthesis.frontier.tests.test_frontier.EvidenceTests.test_all_declared_hashes) ... ok
test_counted_controlled_oracles (graph_synthesis.frontier.tests.test_frontier.EvidenceTests.test_counted_controlled_oracles) ... ok
test_frozen_protocol (graph_synthesis.frontier.tests.test_frontier.EvidenceTests.test_frozen_protocol) ... ok
test_negative_primary_is_retained (graph_synthesis.frontier.tests.test_frontier.EvidenceTests.test_negative_primary_is_retained) ... ok
test_no_service_calls (graph_synthesis.frontier.tests.test_frontier.EvidenceTests.test_no_service_calls) ... ok
test_real_input_shape (graph_synthesis.frontier.tests.test_frontier.EvidenceTests.test_real_input_shape) ... ok
test_all_binary_small_weights (graph_synthesis.frontier.tests.test_frontier.PathTests.test_all_binary_small_weights) ... ok
test_atomic_invalid_updates (graph_synthesis.frontier.tests.test_frontier.PathTests.test_atomic_invalid_updates) ... ok
test_cycle_rejected (graph_synthesis.frontier.tests.test_frontier.PathTests.test_cycle_rejected) ... ok
test_disconnected_rejected (graph_synthesis.frontier.tests.test_frontier.PathTests.test_disconnected_rejected) ... ok
test_empty_rejected (graph_synthesis.frontier.tests.test_frontier.PathTests.test_empty_rejected) ... ok
test_random_updates (graph_synthesis.frontier.tests.test_frontier.PathTests.test_random_updates) ... ok
test_same_value_no_work (graph_synthesis.frontier.tests.test_frontier.PathTests.test_same_value_no_work) ... ok
test_single_vertex (graph_synthesis.frontier.tests.test_frontier.PathTests.test_single_vertex) ... ok
test_star_rejected (graph_synthesis.frontier.tests.test_frontier.PathTests.test_star_rejected) ... ok
test_topology_rebuild (graph_synthesis.frontier.tests.test_frontier.PathTests.test_topology_rebuild) ... ok
test_witness_work_is_reported (graph_synthesis.frontier.tests.test_frontier.PathTests.test_witness_work_is_reported) ... ok
test_zero_weights (graph_synthesis.frontier.tests.test_frontier.PathTests.test_zero_weights) ... ok
test_bad_budget (graph_synthesis.frontier.tests.test_frontier.ReviewTests.test_bad_budget) ... ok
test_bad_cost (graph_synthesis.frontier.tests.test_frontier.ReviewTests.test_bad_cost) ... ok
test_cap_staging (graph_synthesis.frontier.tests.test_frontier.ReviewTests.test_cap_staging) ... ok
test_development_fit_rejects_test (graph_synthesis.frontier.tests.test_frontier.ReviewTests.test_development_fit_rejects_test) ... ok
test_duplicate_ids (graph_synthesis.frontier.tests.test_frontier.ReviewTests.test_duplicate_ids) ... ok
test_empty (graph_synthesis.frontier.tests.test_frontier.ReviewTests.test_empty) ... ok
test_global_finite_oracle (graph_synthesis.frontier.tests.test_frontier.ReviewTests.test_global_finite_oracle) ... ok
test_harmful_review_is_skipped (graph_synthesis.frontier.tests.test_frontier.ReviewTests.test_harmful_review_is_skipped) ... ok
test_input_purity (graph_synthesis.frontier.tests.test_frontier.ReviewTests.test_input_purity) ... ok
test_packed_order_validation (graph_synthesis.frontier.tests.test_frontier.ReviewTests.test_packed_order_validation) ... ok
test_permutation (graph_synthesis.frontier.tests.test_frontier.ReviewTests.test_permutation) ... ok
test_selected_features_ignore_test_gold (graph_synthesis.frontier.tests.test_frontier.ReviewTests.test_selected_features_ignore_test_gold) ... ok
test_strict_feature_schema (graph_synthesis.frontier.tests.test_frontier.ReviewTests.test_strict_feature_schema) ... ok
test_zero_budget (graph_synthesis.frontier.tests.test_frontier.ReviewTests.test_zero_budget) ... ok
test_atom_cap_stages (graph_synthesis.frontier.tests.test_frontier.SourceTests.test_atom_cap_stages) ... ok
test_conditional_noise_oracle (graph_synthesis.frontier.tests.test_frontier.SourceTests.test_conditional_noise_oracle) ... ok
test_deterministic_sources (graph_synthesis.frontier.tests.test_frontier.SourceTests.test_deterministic_sources) ... ok
test_duplicate_invariant (graph_synthesis.frontier.tests.test_frontier.SourceTests.test_duplicate_invariant) ... ok
test_empty_conjunction_rejected (graph_synthesis.frontier.tests.test_frontier.SourceTests.test_empty_conjunction_rejected) ... ok
test_empty_disjunction (graph_synthesis.frontier.tests.test_frontier.SourceTests.test_empty_disjunction) ... ok
test_independent_sources (graph_synthesis.frontier.tests.test_frontier.SourceTests.test_independent_sources) ... ok
test_input_unchanged (graph_synthesis.frontier.tests.test_frontier.SourceTests.test_input_unchanged) ... ok
test_invalid_probabilities (graph_synthesis.frontier.tests.test_frontier.SourceTests.test_invalid_probabilities) ... ok
test_shared_and (graph_synthesis.frontier.tests.test_frontier.SourceTests.test_shared_and) ... ok
test_shared_or (graph_synthesis.frontier.tests.test_frontier.SourceTests.test_shared_or) ... ok
test_source_cap_stages (graph_synthesis.frontier.tests.test_frontier.SourceTests.test_source_cap_stages) ... ok
test_unknown_source (graph_synthesis.frontier.tests.test_frontier.SourceTests.test_unknown_source) ... ok
test_infinity_is_rejected (graph_synthesis.reliability.tests.test_artifacts.ArtifactTests.test_infinity_is_rejected) ... ok
test_nan_is_rejected (graph_synthesis.reliability.tests.test_artifacts.ArtifactTests.test_nan_is_rejected) ... ok
test_nested_benchmark_container_types_survive_roundtrip (graph_synthesis.reliability.tests.test_artifacts.ArtifactTests.test_nested_benchmark_container_types_survive_roundtrip) ... ok
test_normalization_is_idempotent (graph_synthesis.reliability.tests.test_artifacts.ArtifactTests.test_normalization_is_idempotent) ... ok
test_tuples_become_json_arrays (graph_synthesis.reliability.tests.test_artifacts.ArtifactTests.test_tuples_become_json_arrays) ... ok
test_boolean_weight (graph_synthesis.reliability.tests.test_methods.GraphTests.test_boolean_weight) ... ok
test_empty_graph (graph_synthesis.reliability.tests.test_methods.GraphTests.test_empty_graph) ... ok
test_false_priority_control (graph_synthesis.reliability.tests.test_methods.GraphTests.test_false_priority_control) ... ok
test_forest_rejects_cycle (graph_synthesis.reliability.tests.test_methods.GraphTests.test_forest_rejects_cycle) ... ok
test_frozen_graph_oracles (graph_synthesis.reliability.tests.test_methods.GraphTests.test_frozen_graph_oracles) ... ok
test_invalid_vertex_id (graph_synthesis.reliability.tests.test_methods.GraphTests.test_invalid_vertex_id) ... ok
test_negative_weight (graph_synthesis.reliability.tests.test_methods.GraphTests.test_negative_weight) ... ok
test_odd_cycle_extension (graph_synthesis.reliability.tests.test_methods.GraphTests.test_odd_cycle_extension) ... ok
test_oracle_agreement (graph_synthesis.reliability.tests.test_methods.GraphTests.test_oracle_agreement) ... ok
test_over_limit (graph_synthesis.reliability.tests.test_methods.GraphTests.test_over_limit) ... ok
test_self_conflict (graph_synthesis.reliability.tests.test_methods.GraphTests.test_self_conflict) ... ok
test_unknown_endpoint (graph_synthesis.reliability.tests.test_methods.GraphTests.test_unknown_endpoint) ... ok
test_wheel_extension (graph_synthesis.reliability.tests.test_methods.GraphTests.test_wheel_extension) ... ok
test_zero_priority (graph_synthesis.reliability.tests.test_methods.GraphTests.test_zero_priority) ... ok
test_delete_last_vertex (graph_synthesis.reliability.tests.test_methods.IncrementalTests.test_delete_last_vertex) ... ok
test_failed_update_is_atomic (graph_synthesis.reliability.tests.test_methods.IncrementalTests.test_failed_update_is_atomic) ... ok
test_frozen_mutation_oracles (graph_synthesis.reliability.tests.test_methods.IncrementalTests.test_frozen_mutation_oracles) ... ok
test_input_snapshot_copied (graph_synthesis.reliability.tests.test_methods.IncrementalTests.test_input_snapshot_copied) ... ok
test_merge_and_split (graph_synthesis.reliability.tests.test_methods.IncrementalTests.test_merge_and_split) ... ok
test_output_cannot_mutate_cache (graph_synthesis.reliability.tests.test_methods.IncrementalTests.test_output_cannot_mutate_cache) ... ok
test_unchanged_snapshot_reuses_all (graph_synthesis.reliability.tests.test_methods.IncrementalTests.test_unchanged_snapshot_reuses_all) ... ok
test_weight_change_invalidates (graph_synthesis.reliability.tests.test_methods.IncrementalTests.test_weight_change_invalidates) ... ok
test_atom_cap_safe_fallback (graph_synthesis.reliability.tests.test_methods.LineageTests.test_atom_cap_safe_fallback) ... ok
test_bad_caps (graph_synthesis.reliability.tests.test_methods.LineageTests.test_bad_caps) ... ok
test_duplicate_invariance (graph_synthesis.reliability.tests.test_methods.LineageTests.test_duplicate_invariance) ... ok
test_empty_evidence_zero (graph_synthesis.reliability.tests.test_methods.LineageTests.test_empty_evidence_zero) ... ok
test_empty_proof_rejected (graph_synthesis.reliability.tests.test_methods.LineageTests.test_empty_proof_rejected) ... ok
test_frozen_random_oracles (graph_synthesis.reliability.tests.test_methods.LineageTests.test_frozen_random_oracles) ... ok
test_invalid_primitive_probability (graph_synthesis.reliability.tests.test_methods.LineageTests.test_invalid_primitive_probability) ... ok
test_no_input_mutation (graph_synthesis.reliability.tests.test_methods.LineageTests.test_no_input_mutation) ... ok
test_probabilities_zero_one (graph_synthesis.reliability.tests.test_methods.LineageTests.test_probabilities_zero_one) ... ok
test_shared_dependency (graph_synthesis.reliability.tests.test_methods.LineageTests.test_shared_dependency) ... ok
test_state_cap_safe_fallback (graph_synthesis.reliability.tests.test_methods.LineageTests.test_state_cap_safe_fallback) ... ok
test_subsumption (graph_synthesis.reliability.tests.test_methods.LineageTests.test_subsumption) ... ok
test_unknown_atom_rejected (graph_synthesis.reliability.tests.test_methods.LineageTests.test_unknown_atom_rejected) ... ok
test_insert_idempotent (graph_synthesis.reliability.tests.test_methods.ReportTests.test_insert_idempotent) ... ok
test_preserves_prior_sections (graph_synthesis.reliability.tests.test_methods.ReportTests.test_preserves_prior_sections) ... ok
test_replaces_instead_of_duplicates (graph_synthesis.reliability.tests.test_methods.ReportTests.test_replaces_instead_of_duplicates) ... ok
test_requires_one_anchor (graph_synthesis.reliability.tests.test_methods.ReportTests.test_requires_one_anchor) ... ok
test_brier_is_proper_loss (graph_synthesis.reliability.tests.test_methods.RiskTests.test_brier_is_proper_loss) ... ok
test_compact_view_not_required (graph_synthesis.reliability.tests.test_methods.RiskTests.test_compact_view_not_required) ... ok
test_development_guard (graph_synthesis.reliability.tests.test_methods.RiskTests.test_development_guard) ... ok
test_empty_fit (graph_synthesis.reliability.tests.test_methods.RiskTests.test_empty_fit) ... ok
test_gold_free_execution (graph_synthesis.reliability.tests.test_methods.RiskTests.test_gold_free_execution) ... ok
test_group_multiplier_identity (graph_synthesis.reliability.tests.test_methods.RiskTests.test_group_multiplier_identity) ... ok
test_group_probability (graph_synthesis.reliability.tests.test_methods.RiskTests.test_group_probability) ... ok
test_invalid_multiplier (graph_synthesis.reliability.tests.test_methods.RiskTests.test_invalid_multiplier) ... ok
test_invalid_probability (graph_synthesis.reliability.tests.test_methods.RiskTests.test_invalid_probability) ... ok
test_nonpositive_omitted (graph_synthesis.reliability.tests.test_methods.RiskTests.test_nonpositive_omitted) ... ok
test_same_denominator_required (graph_synthesis.reliability.tests.test_methods.RiskTests.test_same_denominator_required) ... ok
test_smoothed_risk_not_zero (graph_synthesis.reliability.tests.test_methods.RiskTests.test_smoothed_risk_not_zero) ... ok
test_formatting_is_idempotent (graph_synthesis.reliability.tests.test_rendering.RenderingTests.test_formatting_is_idempotent) ... ok
test_local_image_is_valid (graph_synthesis.reliability.tests.test_rendering.RenderingTests.test_local_image_is_valid) ... ok
test_missing_image_is_rejected (graph_synthesis.reliability.tests.test_rendering.RenderingTests.test_missing_image_is_rejected) ... ok
test_numeric_scores_counts_and_percentages_are_protected (graph_synthesis.reliability.tests.test_rendering.RenderingTests.test_numeric_scores_counts_and_percentages_are_protected) ... ok
test_path_escape_is_rejected (graph_synthesis.reliability.tests.test_rendering.RenderingTests.test_path_escape_is_rejected) ... ok
test_remote_image_is_rejected (graph_synthesis.reliability.tests.test_rendering.RenderingTests.test_remote_image_is_rejected) ... ok
test_text_cell_is_not_forced_onto_one_line (graph_synthesis.reliability.tests.test_rendering.RenderingTests.test_text_cell_is_not_forced_onto_one_line) ... ok
test_duplicate_rejected (graph_synthesis.risk_control.tests.test_methods.ForestTests.test_duplicate_rejected) ... ok
test_empty_single (graph_synthesis.risk_control.tests.test_methods.ForestTests.test_empty_single) ... ok
test_false_priority_control (graph_synthesis.risk_control.tests.test_methods.ForestTests.test_false_priority_control) ... ok
test_invalid_graph (graph_synthesis.risk_control.tests.test_methods.ForestTests.test_invalid_graph) ... ok
test_large_cycle_staged (graph_synthesis.risk_control.tests.test_methods.ForestTests.test_large_cycle_staged) ... ok
test_large_star_and_cap (graph_synthesis.risk_control.tests.test_methods.ForestTests.test_large_star_and_cap) ... ok
test_order_and_nonmutation (graph_synthesis.risk_control.tests.test_methods.ForestTests.test_order_and_nonmutation) ... ok
test_small_cycle_exact (graph_synthesis.risk_control.tests.test_methods.ForestTests.test_small_cycle_exact) ... ok
test_small_independent_oracle (graph_synthesis.risk_control.tests.test_methods.ForestTests.test_small_independent_oracle) ... ok
test_unsupported_staged (graph_synthesis.risk_control.tests.test_methods.ForestTests.test_unsupported_staged) ... ok
test_zero_weight_tie (graph_synthesis.risk_control.tests.test_methods.ForestTests.test_zero_weight_tie) ... ok
test_budget_boundaries (graph_synthesis.risk_control.tests.test_methods.ReviewTests.test_budget_boundaries) ... ok
test_complementarity (graph_synthesis.risk_control.tests.test_methods.ReviewTests.test_complementarity) ... ok
test_independent_subset_oracle (graph_synthesis.risk_control.tests.test_methods.ReviewTests.test_independent_subset_oracle) ... ok
test_invalid_inputs (graph_synthesis.risk_control.tests.test_methods.ReviewTests.test_invalid_inputs) ... ok
test_nonmutation (graph_synthesis.risk_control.tests.test_methods.ReviewTests.test_nonmutation) ... ok
test_permutation (graph_synthesis.risk_control.tests.test_methods.ReviewTests.test_permutation) ... ok
test_risk_boundaries (graph_synthesis.risk_control.tests.test_methods.ReviewTests.test_risk_boundaries) ... ok
test_all_wrong_never_certifies (graph_synthesis.risk_control.tests.test_methods.RiskTests.test_all_wrong_never_certifies) ... ok
test_analytic_zero_events (graph_synthesis.risk_control.tests.test_methods.RiskTests.test_analytic_zero_events) ... ok
test_exact_tail (graph_synthesis.risk_control.tests.test_methods.RiskTests.test_exact_tail) ... ok
test_explicit_no_certificate (graph_synthesis.risk_control.tests.test_methods.RiskTests.test_explicit_no_certificate) ... ok
test_gate_boundaries (graph_synthesis.risk_control.tests.test_methods.RiskTests.test_gate_boundaries) ... ok
test_gate_fit_isolation (graph_synthesis.risk_control.tests.test_methods.RiskTests.test_gate_fit_isolation) ... ok
test_groups_not_rows (graph_synthesis.risk_control.tests.test_methods.RiskTests.test_groups_not_rows) ... ok
test_invalid_counts (graph_synthesis.risk_control.tests.test_methods.RiskTests.test_invalid_counts) ... ok
test_monotonicity_and_multiplicity (graph_synthesis.risk_control.tests.test_methods.RiskTests.test_monotonicity_and_multiplicity) ... ok
test_no_evidence_and_all_wrong (graph_synthesis.risk_control.tests.test_methods.RiskTests.test_no_evidence_and_all_wrong) ... ok
test_zero_wrong_can_qualify (graph_synthesis.risk_control.tests.test_methods.RiskTests.test_zero_wrong_can_qualify) ... ok
test_compact_cost (graph_synthesis.risk_control.tests.test_methods.RoutingTests.test_compact_cost) ... ok
test_direct_cost (graph_synthesis.risk_control.tests.test_methods.RoutingTests.test_direct_cost) ... ok
test_escalation_cost (graph_synthesis.risk_control.tests.test_methods.RoutingTests.test_escalation_cost) ... ok
test_fit_isolation (graph_synthesis.risk_control.tests.test_methods.RoutingTests.test_fit_isolation) ... ok
test_invalid_always_escalates (graph_synthesis.risk_control.tests.test_methods.RoutingTests.test_invalid_always_escalates) ... ok
test_no_gold_execution (graph_synthesis.risk_control.tests.test_methods.RoutingTests.test_no_gold_execution) ... ok
test_nonmutation (graph_synthesis.risk_control.tests.test_methods.RoutingTests.test_nonmutation) ... ok
test_unknown_usage (graph_synthesis.risk_control.tests.test_methods.RoutingTests.test_unknown_usage) ... ok
test_utility_polarity (graph_synthesis.risk_control.tests.test_methods.RoutingTests.test_utility_polarity) ... ok
test_ablation (graph_synthesis.risk_control.tests.test_methods.VetoTests.test_ablation) ... ok
test_invalid_stays_error (graph_synthesis.risk_control.tests.test_methods.VetoTests.test_invalid_stays_error) ... ok
test_malformed_not_normalized (graph_synthesis.risk_control.tests.test_methods.VetoTests.test_malformed_not_normalized) ... ok
test_missing_dimension (graph_synthesis.risk_control.tests.test_methods.VetoTests.test_missing_dimension) ... ok
test_no_adjudicator (graph_synthesis.risk_control.tests.test_methods.VetoTests.test_no_adjudicator) ... ok
test_non_support_no_checks (graph_synthesis.risk_control.tests.test_methods.VetoTests.test_non_support_no_checks) ... ok
test_nonmutation (graph_synthesis.risk_control.tests.test_methods.VetoTests.test_nonmutation) ... ok
test_support_veto (graph_synthesis.risk_control.tests.test_methods.VetoTests.test_support_veto) ... ok
test_threshold_inclusive (graph_synthesis.risk_control.tests.test_methods.VetoTests.test_threshold_inclusive) ... ok
test_fit_permutation_and_nonmutation (graph_synthesis.risk_control.tests.test_reporting.IsolationTests.test_fit_permutation_and_nonmutation) ... ok
test_gate_nonmutation_and_permutation (graph_synthesis.risk_control.tests.test_reporting.IsolationTests.test_gate_nonmutation_and_permutation) ... ok
test_gold_changes_do_not_change_execution (graph_synthesis.risk_control.tests.test_reporting.IsolationTests.test_gold_changes_do_not_change_execution) ... ok
test_all_local_links_exist (graph_synthesis.risk_control.tests.test_reporting.ReportingTests.test_all_local_links_exist) ... ok
test_classification_and_cost_accounting (graph_synthesis.risk_control.tests.test_reporting.ReportingTests.test_classification_and_cost_accounting) ... ok
test_current_source_has_new_section (graph_synthesis.risk_control.tests.test_reporting.ReportingTests.test_current_source_has_new_section) ... ok
test_fit_ids_and_groups_disjoint (graph_synthesis.risk_control.tests.test_reporting.ReportingTests.test_fit_ids_and_groups_disjoint) ... ok
test_five_figure_pairs (graph_synthesis.risk_control.tests.test_reporting.ReportingTests.test_five_figure_pairs) ... ok
test_frozen_protocol (graph_synthesis.risk_control.tests.test_reporting.ReportingTests.test_frozen_protocol) ... ok
test_input_hashes (graph_synthesis.risk_control.tests.test_reporting.ReportingTests.test_input_hashes) ... ok
test_marker_replacement_idempotent (graph_synthesis.risk_control.tests.test_reporting.ReportingTests.test_marker_replacement_idempotent) ... ok
test_missing_or_duplicate_anchor_rejected (graph_synthesis.risk_control.tests.test_reporting.ReportingTests.test_missing_or_duplicate_anchor_rejected) ... ok
test_outcomes_not_redefined_as_success (graph_synthesis.risk_control.tests.test_reporting.ReportingTests.test_outcomes_not_redefined_as_success) ... ok
test_paths_portable (graph_synthesis.risk_control.tests.test_reporting.ReportingTests.test_paths_portable) ... ok
test_prior_generators_preserved (graph_synthesis.risk_control.tests.test_reporting.ReportingTests.test_prior_generators_preserved) ... ok
test_render_deterministic (graph_synthesis.risk_control.tests.test_reporting.ReportingTests.test_render_deterministic) ... ok
test_report_matches_saved (graph_synthesis.risk_control.tests.test_reporting.ReportingTests.test_report_matches_saved) ... ok
test_report_preserves_boundaries (graph_synthesis.risk_control.tests.test_reporting.ReportingTests.test_report_preserves_boundaries) ... ok
test_report_update_idempotent (graph_synthesis.risk_control.tests.test_reporting.ReportingTests.test_report_update_idempotent) ... ok
test_concurrent_evidence_disclosure_is_in_manuscript_source (graph_synthesis.source_structural.tests.test_integration.IntegrationTests.test_concurrent_evidence_disclosure_is_in_manuscript_source) ... ok
test_either_reporter_is_idempotent_after_both_sections (graph_synthesis.source_structural.tests.test_integration.IntegrationTests.test_either_reporter_is_idempotent_after_both_sections) ... ok
test_calculation_failure_after_first_result_rolls_back (graph_synthesis.source_structural.tests.test_methods.CacheTests.test_calculation_failure_after_first_result_rolls_back) ... ok
test_constants_have_no_dependencies (graph_synthesis.source_structural.tests.test_methods.CacheTests.test_constants_have_no_dependencies) ... ok
test_constructor_does_not_alias_inputs (graph_synthesis.source_structural.tests.test_methods.CacheTests.test_constructor_does_not_alias_inputs) ... ok
test_fact_calculation_failure_rolls_back (graph_synthesis.source_structural.tests.test_methods.CacheTests.test_fact_calculation_failure_rolls_back) ... ok
test_local_retraction_recalculates_only_affected_fact (graph_synthesis.source_structural.tests.test_methods.CacheTests.test_local_retraction_recalculates_only_affected_fact) ... ok
test_no_op_has_no_evaluation_but_advances_revision (graph_synthesis.source_structural.tests.test_methods.CacheTests.test_no_op_has_no_evaluation_but_advances_revision) ... ok
test_proof_change_updates_both_sides_of_index (graph_synthesis.source_structural.tests.test_methods.CacheTests.test_proof_change_updates_both_sides_of_index) ... ok
test_proof_validation_is_atomic (graph_synthesis.source_structural.tests.test_methods.CacheTests.test_proof_validation_is_atomic) ... ok
test_remove_and_reinsert_fact (graph_synthesis.source_structural.tests.test_methods.CacheTests.test_remove_and_reinsert_fact) ... ok
test_shared_retraction_recalculates_both (graph_synthesis.source_structural.tests.test_methods.CacheTests.test_shared_retraction_recalculates_both) ... ok
test_snapshot_does_not_alias_state (graph_synthesis.source_structural.tests.test_methods.CacheTests.test_snapshot_does_not_alias_state) ... ok
test_stale_revision_is_atomic (graph_synthesis.source_structural.tests.test_methods.CacheTests.test_stale_revision_is_atomic) ... ok
test_subsumed_proof_does_not_leave_spurious_dependency (graph_synthesis.source_structural.tests.test_methods.CacheTests.test_subsumed_proof_does_not_leave_spurious_dependency) ... ok
test_unknown_delete_is_atomic (graph_synthesis.source_structural.tests.test_methods.CacheTests.test_unknown_delete_is_atomic) ... ok
test_unknown_source_and_invalid_probabilities_are_atomic (graph_synthesis.source_structural.tests.test_methods.CacheTests.test_unknown_source_and_invalid_probabilities_are_atomic) ... ok
test_all_graph_controls_and_oracles (graph_synthesis.source_structural.tests.test_methods.ExecutedContractTests.test_all_graph_controls_and_oracles) ... ok
test_all_lineage_controls_and_oracles (graph_synthesis.source_structural.tests.test_methods.ExecutedContractTests.test_all_lineage_controls_and_oracles) ... ok
test_all_source_folds_exclude_held_group (graph_synthesis.source_structural.tests.test_methods.ExecutedContractTests.test_all_source_folds_exclude_held_group) ... ok
test_cache_mutations_and_atomicity (graph_synthesis.source_structural.tests.test_methods.ExecutedContractTests.test_cache_mutations_and_atomicity) ... ok
test_frozen_source_protocol_and_no_calls (graph_synthesis.source_structural.tests.test_methods.ExecutedContractTests.test_frozen_source_protocol_and_no_calls) ... ok
test_h1_verdict_is_frozen_conjunction_not_a_positive_default (graph_synthesis.source_structural.tests.test_methods.ExecutedContractTests.test_h1_verdict_is_frozen_conjunction_not_a_positive_default) ... ok
test_review_oracle_and_budget_checks (graph_synthesis.source_structural.tests.test_methods.ExecutedContractTests.test_review_oracle_and_budget_checks) ... ok
test_all_four_vertex_graphs (graph_synthesis.source_structural.tests.test_methods.FlowTests.test_all_four_vertex_graphs) ... ok
test_arbitrary_vertex_names_do_not_collide_with_flow_sentinels (graph_synthesis.source_structural.tests.test_methods.FlowTests.test_arbitrary_vertex_names_do_not_collide_with_flow_sentinels) ... ok
test_component_size_cap (graph_synthesis.source_structural.tests.test_methods.FlowTests.test_component_size_cap) ... ok
test_damaged_flow_and_cover_rejected (graph_synthesis.source_structural.tests.test_methods.FlowTests.test_damaged_flow_and_cover_rejected) ... ok
test_dense_nonbipartite_stages (graph_synthesis.source_structural.tests.test_methods.FlowTests.test_dense_nonbipartite_stages) ... ok
test_empty_graph (graph_synthesis.source_structural.tests.test_methods.FlowTests.test_empty_graph) ... ok
test_false_priority_can_win (graph_synthesis.source_structural.tests.test_methods.FlowTests.test_false_priority_can_win) ... ok
test_invalid_graph_inputs (graph_synthesis.source_structural.tests.test_methods.FlowTests.test_invalid_graph_inputs) ... ok
test_invalid_work_cap (graph_synthesis.source_structural.tests.test_methods.FlowTests.test_invalid_work_cap) ... ok
test_large_dense_bipartite_certificate (graph_synthesis.source_structural.tests.test_methods.FlowTests.test_large_dense_bipartite_certificate) ... ok
test_large_grid_certificate (graph_synthesis.source_structural.tests.test_methods.FlowTests.test_large_grid_certificate) ... ok
test_nonbipartite_delegation (graph_synthesis.source_structural.tests.test_methods.FlowTests.test_nonbipartite_delegation) ... ok
test_one_conflict (graph_synthesis.source_structural.tests.test_methods.FlowTests.test_one_conflict) ... ok
test_work_cap_delegates (graph_synthesis.source_structural.tests.test_methods.FlowTests.test_work_cap_delegates) ... ok
test_zero_priorities (graph_synthesis.source_structural.tests.test_methods.FlowTests.test_zero_priorities) ... ok
test_boundary_probabilities (graph_synthesis.source_structural.tests.test_methods.FrontierTests.test_boundary_probabilities) ... ok
test_constant_false (graph_synthesis.source_structural.tests.test_methods.FrontierTests.test_constant_false) ... ok
test_constant_true (graph_synthesis.source_structural.tests.test_methods.FrontierTests.test_constant_true) ... ok
test_duplicate_and_subsumption (graph_synthesis.source_structural.tests.test_methods.FrontierTests.test_duplicate_and_subsumption) ... ok
test_false_independence_not_repaired (graph_synthesis.source_structural.tests.test_methods.FrontierTests.test_false_independence_not_repaired) ... ok
test_frontier_cap_delegates (graph_synthesis.source_structural.tests.test_methods.FrontierTests.test_frontier_cap_delegates) ... ok
test_input_atom_cap (graph_synthesis.source_structural.tests.test_methods.FrontierTests.test_input_atom_cap) ... ok
test_invalid_probability (graph_synthesis.source_structural.tests.test_methods.FrontierTests.test_invalid_probability) ... ok
test_large_dense_safe_interval (graph_synthesis.source_structural.tests.test_methods.FrontierTests.test_large_dense_safe_interval) ... ok
test_large_path_and_cycle (graph_synthesis.source_structural.tests.test_methods.FrontierTests.test_large_path_and_cycle) ... ok
test_shared_atom_probability (graph_synthesis.source_structural.tests.test_methods.FrontierTests.test_shared_atom_probability) ... ok
test_state_cap_never_certifies_partial_probability (graph_synthesis.source_structural.tests.test_methods.FrontierTests.test_state_cap_never_certifies_partial_probability) ... ok
test_string_is_not_proof (graph_synthesis.source_structural.tests.test_methods.FrontierTests.test_string_is_not_proof) ... ok
test_unknown_primitives (graph_synthesis.source_structural.tests.test_methods.FrontierTests.test_unknown_primitives) ... ok
test_unsafe_caps_rejected (graph_synthesis.source_structural.tests.test_methods.FrontierTests.test_unsafe_caps_rejected) ... ok
test_correlated_review_control (graph_synthesis.source_structural.tests.test_methods.ReviewTests.test_correlated_review_control) ... ok
test_cost_contracts (graph_synthesis.source_structural.tests.test_methods.ReviewTests.test_cost_contracts) ... ok
test_duplicate_candidate_rejected (graph_synthesis.source_structural.tests.test_methods.ReviewTests.test_duplicate_candidate_rejected) ... ok
test_empty_budget (graph_synthesis.source_structural.tests.test_methods.ReviewTests.test_empty_budget) ... ok
test_false_removal_and_no_gold_mutation (graph_synthesis.source_structural.tests.test_methods.ReviewTests.test_false_removal_and_no_gold_mutation) ... ok
test_invalid_risks (graph_synthesis.source_structural.tests.test_methods.ReviewTests.test_invalid_risks) ... ok
test_knapsack_beats_first_choice (graph_synthesis.source_structural.tests.test_methods.ReviewTests.test_knapsack_beats_first_choice) ... ok
test_knapsack_no_empty_option_rejected (graph_synthesis.source_structural.tests.test_methods.ReviewTests.test_knapsack_no_empty_option_rejected) ... ok
test_no_affordable_review (graph_synthesis.source_structural.tests.test_methods.ReviewTests.test_no_affordable_review) ... ok
test_order_invariance (graph_synthesis.source_structural.tests.test_methods.ReviewTests.test_order_invariance) ... ok
test_setup_charged_once_per_source (graph_synthesis.source_structural.tests.test_methods.ReviewTests.test_setup_charged_once_per_source) ... ok
test_tie_prefers_lower_cost (graph_synthesis.source_structural.tests.test_methods.ReviewTests.test_tie_prefers_lower_cost) ... ok
test_unreviewed_wrong_edge_cannot_disappear (graph_synthesis.source_structural.tests.test_methods.ReviewTests.test_unreviewed_wrong_edge_cannot_disappear) ... ok
test_zero_and_one_risks (graph_synthesis.source_structural.tests.test_methods.ReviewTests.test_zero_and_one_risks) ... ok
test_alpha_guard (graph_synthesis.source_structural.tests.test_methods.SourceTests.test_alpha_guard) ... ok
test_any_error_event_not_edge_average (graph_synthesis.source_structural.tests.test_methods.SourceTests.test_any_error_event_not_edge_average) ... ok
test_empty_accepted_group_excluded (graph_synthesis.source_structural.tests.test_methods.SourceTests.test_empty_accepted_group_excluded) ... ok
test_feature_cells (graph_synthesis.source_structural.tests.test_methods.SourceTests.test_feature_cells) ... ok
test_gold_forbidden_at_inference (graph_synthesis.source_structural.tests.test_methods.SourceTests.test_gold_forbidden_at_inference) ... ok
test_group_shrinkage_formula (graph_synthesis.source_structural.tests.test_methods.SourceTests.test_group_shrinkage_formula) ... ok
test_inference_and_fit_do_not_mutate (graph_synthesis.source_structural.tests.test_methods.SourceTests.test_inference_and_fit_do_not_mutate) ... ok
test_missing_score_is_low (graph_synthesis.source_structural.tests.test_methods.SourceTests.test_missing_score_is_low) ... ok
test_training_split_guard (graph_synthesis.source_structural.tests.test_methods.SourceTests.test_training_split_guard) ... ok
test_unseen_feature_cell_uses_prior (graph_synthesis.source_structural.tests.test_methods.SourceTests.test_unseen_feature_cell_uses_prior) ... ok
test_absent_anchor_rejected (graph_synthesis.source_structural.tests.test_report.ReportTests.test_absent_anchor_rejected) ... ok
test_additive_update (graph_synthesis.source_structural.tests.test_report.ReportTests.test_additive_update) ... ok
test_all_five_hypotheses (graph_synthesis.source_structural.tests.test_report.ReportTests.test_all_five_hypotheses) ... ok
test_duplicate_anchor_rejected (graph_synthesis.source_structural.tests.test_report.ReportTests.test_duplicate_anchor_rejected) ... ok
test_five_local_figures (graph_synthesis.source_structural.tests.test_report.ReportTests.test_five_local_figures) ... ok
test_idempotent_update (graph_synthesis.source_structural.tests.test_report.ReportTests.test_idempotent_update) ... ok
test_negative_outcomes_retained (graph_synthesis.source_structural.tests.test_report.ReportTests.test_negative_outcomes_retained) ... ok
test_no_new_service_claim (graph_synthesis.source_structural.tests.test_report.ReportTests.test_no_new_service_claim) ... ok
test_idempotent (graph_synthesis.structural.tests.test_reporting_integration.IntegrationTests.test_idempotent) ... ok
test_prior_baseline (graph_synthesis.structural.tests.test_reporting_integration.IntegrationTests.test_prior_baseline) ... ok
test_rebuild_order_commutes (graph_synthesis.structural.tests.test_reporting_integration.IntegrationTests.test_rebuild_order_commutes) ... ok
test_reliability_precedes_structural (graph_synthesis.structural.tests.test_reporting_integration.IntegrationTests.test_reliability_precedes_structural) ... ok
test_caps (graph_synthesis.structural.tests.test_structural.ConflictTests.test_caps) ... ok
test_empty_and_forest (graph_synthesis.structural.tests.test_structural.ConflictTests.test_empty_and_forest) ... ok
test_large_cycle (graph_synthesis.structural.tests.test_structural.ConflictTests.test_large_cycle) ... ok
test_order_and_no_mutation (graph_synthesis.structural.tests.test_structural.ConflictTests.test_order_and_no_mutation) ... ok
test_semantics_not_utility (graph_synthesis.structural.tests.test_structural.ConflictTests.test_semantics_not_utility) ... ok
test_small_clique_fallback (graph_synthesis.structural.tests.test_structural.ConflictTests.test_small_clique_fallback) ... ok
test_validation (graph_synthesis.structural.tests.test_structural.ConflictTests.test_validation) ... ok
test_frozen_outcomes_and_oracles (graph_synthesis.structural.tests.test_structural.EvidenceTests.test_frozen_outcomes_and_oracles) ... ok
test_absorption (graph_synthesis.structural.tests.test_structural.LineageTests.test_absorption) ... ok
test_deterministic_primitives (graph_synthesis.structural.tests.test_structural.LineageTests.test_deterministic_primitives) ... ok
test_duplicates_and_immutability (graph_synthesis.structural.tests.test_structural.LineageTests.test_duplicates_and_immutability) ... ok
test_false_independence_control (graph_synthesis.structural.tests.test_structural.LineageTests.test_false_independence_control) ... ok
test_input_caps (graph_synthesis.structural.tests.test_structural.LineageTests.test_input_caps) ... ok
test_shared_atom (graph_synthesis.structural.tests.test_structural.LineageTests.test_shared_atom) ... ok
test_state_limit_sound (graph_synthesis.structural.tests.test_structural.LineageTests.test_state_limit_sound) ... ok
test_validation (graph_synthesis.structural.tests.test_structural.LineageTests.test_validation) ... ok
test_bad_scores (graph_synthesis.structural.tests.test_structural.RankingTests.test_bad_scores) ... ok
test_diversity_and_limits (graph_synthesis.structural.tests.test_structural.RankingTests.test_diversity_and_limits) ... ok
test_fit_all_nonpositive (graph_synthesis.structural.tests.test_structural.RankingTests.test_fit_all_nonpositive) ... ok
test_fit_requires_development (graph_synthesis.structural.tests.test_structural.RankingTests.test_fit_requires_development) ... ok
test_group_total_weight (graph_synthesis.structural.tests.test_structural.RankingTests.test_group_total_weight) ... ok
test_invalid_budget_and_duplicates (graph_synthesis.structural.tests.test_structural.RankingTests.test_invalid_budget_and_duplicates) ... ok
test_no_gold_needed (graph_synthesis.structural.tests.test_structural.RankingTests.test_no_gold_needed) ... ok
test_nonpositive_exclusion (graph_synthesis.structural.tests.test_structural.RankingTests.test_nonpositive_exclusion) ... ok
test_permutation_and_immutability (graph_synthesis.structural.tests.test_structural.RankingTests.test_permutation_and_immutability) ... ok
test_unseen_bin_fallback (graph_synthesis.structural.tests.test_structural.RankingTests.test_unseen_bin_fallback) ... ok
test_bound_order (graph_synthesis.structural.tests.test_structural.ReviewTests.test_bound_order) ... ok
test_bounds (graph_synthesis.structural.tests.test_structural.ReviewTests.test_bounds) ... ok
test_complementarity (graph_synthesis.structural.tests.test_structural.ReviewTests.test_complementarity) ... ok
test_empty_and_full (graph_synthesis.structural.tests.test_structural.ReviewTests.test_empty_and_full) ... ok
test_order_immutability (graph_synthesis.structural.tests.test_structural.ReviewTests.test_order_immutability) ... ok
test_validation (graph_synthesis.structural.tests.test_structural.ReviewTests.test_validation) ... ok
test_audit_detects_corruption (graph_synthesis.tests.test_core.CoreTests.test_audit_detects_corruption) ... ok
test_cascading_retraction_leaves_independent_support (graph_synthesis.tests.test_core.CoreTests.test_cascading_retraction_leaves_independent_support) ... ok
test_commits_are_audited (graph_synthesis.tests.test_core.CoreTests.test_commits_are_audited) ... ok
test_conflict_same_scope_rolls_back_whole_transaction (graph_synthesis.tests.test_core.CoreTests.test_conflict_same_scope_rolls_back_whole_transaction) ... ok
test_decision_binding_detects_endpoint_change (graph_synthesis.tests.test_core.CoreTests.test_decision_binding_detects_endpoint_change) ... ok
test_different_population_qualifiers_remain_distinct (graph_synthesis.tests.test_core.CoreTests.test_different_population_qualifiers_remain_distinct) ... ok
test_direction_preserved_for_asymmetric_relation (graph_synthesis.tests.test_core.CoreTests.test_direction_preserved_for_asymmetric_relation) ... ok
test_evidence_exact_span (graph_synthesis.tests.test_core.CoreTests.test_evidence_exact_span) ... ok
test_evidence_hash_detects_source_change (graph_synthesis.tests.test_core.CoreTests.test_evidence_hash_detects_source_change) ... ok
test_fault_injection_is_atomic (graph_synthesis.tests.test_core.CoreTests.test_fault_injection_is_atomic) ... ok
test_graph_metrics_do_not_confuse_edges_with_assertions (graph_synthesis.tests.test_core.CoreTests.test_graph_metrics_do_not_confuse_edges_with_assertions) ... ok
test_idempotent_replay_and_payload_conflict (graph_synthesis.tests.test_core.CoreTests.test_idempotent_replay_and_payload_conflict) ... ok
test_identity_bridge_conflict_rejected (graph_synthesis.tests.test_core.CoreTests.test_identity_bridge_conflict_rejected) ... ok
test_identity_cannot_create_forbidden_self_relation (graph_synthesis.tests.test_core.CoreTests.test_identity_cannot_create_forbidden_self_relation) ... ok
test_identity_retraction_splits_view_without_data_loss (graph_synthesis.tests.test_core.CoreTests.test_identity_retraction_splits_view_without_data_loss) ... ok
test_inverse_is_normalized_not_a_second_semantic_relation (graph_synthesis.tests.test_core.CoreTests.test_inverse_is_normalized_not_a_second_semantic_relation) ... ok
test_low_probability_defers_without_mutation (graph_synthesis.tests.test_core.CoreTests.test_low_probability_defers_without_mutation) ... ok
test_missing_dependency_and_cycle_reject (graph_synthesis.tests.test_core.CoreTests.test_missing_dependency_and_cycle_reject) ... ok
test_missing_endpoint_and_wrong_type (graph_synthesis.tests.test_core.CoreTests.test_missing_endpoint_and_wrong_type) ... ok
test_multi_label_relations_can_coexist (graph_synthesis.tests.test_core.CoreTests.test_multi_label_relations_can_coexist) ... ok
test_pairwise_selection_has_abstention (graph_synthesis.tests.test_core.CoreTests.test_pairwise_selection_has_abstention) ... ok
test_persistent_reopen_and_competing_writer (graph_synthesis.tests.test_core.CoreTests.test_persistent_reopen_and_competing_writer) ... ok
test_polarity_cannot_create_positive_assertion (graph_synthesis.tests.test_core.CoreTests.test_polarity_cannot_create_positive_assertion) ... ok
test_policy_must_cover_contracts (graph_synthesis.tests.test_core.CoreTests.test_policy_must_cover_contracts) ... ok
test_probability_contract_failures (graph_synthesis.tests.test_core.CoreTests.test_probability_contract_failures) ... ok
test_random_dependency_retraction_matches_reference (graph_synthesis.tests.test_core.CoreTests.test_random_dependency_retraction_matches_reference) ... ok
test_retracted_assertion_id_cannot_be_reused (graph_synthesis.tests.test_core.CoreTests.test_retracted_assertion_id_cannot_be_reused) ... ok
test_schema_migration_checks_existing_assertions (graph_synthesis.tests.test_core.CoreTests.test_schema_migration_checks_existing_assertions) ... ok
test_schema_migration_requires_review (graph_synthesis.tests.test_core.CoreTests.test_schema_migration_requires_review) ... ok
test_source_withdrawal_preserves_other_source (graph_synthesis.tests.test_core.CoreTests.test_source_withdrawal_preserves_other_source) ... ok
test_stale_graph_and_policy_reject (graph_synthesis.tests.test_core.CoreTests.test_stale_graph_and_policy_reject) ... ok
test_symmetric_relation_normalization (graph_synthesis.tests.test_core.CoreTests.test_symmetric_relation_normalization) ... ok
test_synthetic_scores_require_explicit_opt_in (graph_synthesis.tests.test_core.CoreTests.test_synthetic_scores_require_explicit_opt_in) ... ok
test_tied_pair_scores_do_not_force_an_identity (graph_synthesis.tests.test_core.CoreTests.test_tied_pair_scores_do_not_force_an_identity) ... ok
test_transitivity_annotation_does_not_invent_edges (graph_synthesis.tests.test_core.CoreTests.test_transitivity_annotation_does_not_invent_edges) ... ok
test_unknown_predicate_fails_closed (graph_synthesis.tests.test_core.CoreTests.test_unknown_predicate_fails_closed) ... ok
test_component_bootstrap_pairs_and_undefined_precision (graph_synthesis.tests.test_edge_fusion.MetricTests.test_component_bootstrap_pairs_and_undefined_precision) ... ok
test_denominators_wrong_polarity_and_errors (graph_synthesis.tests.test_edge_fusion.MetricTests.test_denominators_wrong_polarity_and_errors) ... ok
test_reference_comparison_does_not_hide_count_or_label_changes (graph_synthesis.tests.test_edge_fusion.MetricTests.test_reference_comparison_does_not_hide_count_or_label_changes) ... ok
test_zero_edges_and_empty_classes (graph_synthesis.tests.test_edge_fusion.MetricTests.test_zero_edges_and_empty_classes) ... ok
test_features_handle_exact_zero_one_and_constant_scales (graph_synthesis.tests.test_edge_fusion.NumericTests.test_features_handle_exact_zero_one_and_constant_scales) ... ok
test_fit_converges_and_probabilities_are_valid (graph_synthesis.tests.test_edge_fusion.NumericTests.test_fit_converges_and_probabilities_are_valid) ... ok
test_gradient_matches_finite_difference (graph_synthesis.tests.test_edge_fusion.NumericTests.test_gradient_matches_finite_difference) ... ok
test_invalid_features_rejected (graph_synthesis.tests.test_edge_fusion.NumericTests.test_invalid_features_rejected) ... ok
test_training_validation (graph_synthesis.tests.test_edge_fusion.NumericTests.test_training_validation) ... ok
test_changed_constituent_response_changes_binding (graph_synthesis.tests.test_edge_fusion.PolicyTests.test_changed_constituent_response_changes_binding) ... ok
test_disagreement_is_abstention_not_nei (graph_synthesis.tests.test_edge_fusion.PolicyTests.test_disagreement_is_abstention_not_nei) ... ok
test_gold_and_groups_are_not_prediction_features (graph_synthesis.tests.test_edge_fusion.PolicyTests.test_gold_and_groups_are_not_prediction_features) ... ok
test_immutable_baselines_and_mean (graph_synthesis.tests.test_edge_fusion.PolicyTests.test_immutable_baselines_and_mean) ... ok
test_input_and_model_changes_rebind_provenance (graph_synthesis.tests.test_edge_fusion.PolicyTests.test_input_and_model_changes_rebind_provenance) ... ok
test_invalid_constituent_is_error_not_fallback (graph_synthesis.tests.test_edge_fusion.PolicyTests.test_invalid_constituent_is_error_not_fallback) ... ok
test_malformed_model_fails_closed (graph_synthesis.tests.test_edge_fusion.PolicyTests.test_malformed_model_fails_closed) ... ok
test_selection_rejects_evaluation_and_duplicate_rows (graph_synthesis.tests.test_edge_fusion.PolicyTests.test_selection_rejects_evaluation_and_duplicate_rows) ... ok
test_ties_have_canonical_label_and_id_order (graph_synthesis.tests.test_edge_fusion.PolicyTests.test_ties_have_canonical_label_and_id_order) ... ok
test_unknown_arm_and_missing_model_fail (graph_synthesis.tests.test_edge_fusion.PolicyTests.test_unknown_arm_and_missing_model_fail) ... ok
test_actual_populations_and_disjointness (graph_synthesis.tests.test_edge_fusion.ReplayTests.test_actual_populations_and_disjointness) ... ok
test_fold_preprocessing_excludes_held_groups (graph_synthesis.tests.test_edge_fusion.ReplayTests.test_fold_preprocessing_excludes_held_groups) ... ok
test_graph_and_audit_independent_of_evaluation_gold (graph_synthesis.tests.test_edge_fusion.ReplayTests.test_graph_and_audit_independent_of_evaluation_gold) ... ok
test_grouped_selection_uses_only_calibration (graph_synthesis.tests.test_edge_fusion.ReplayTests.test_grouped_selection_uses_only_calibration) ... ok
test_journal_determinism_and_true_call_binding (graph_synthesis.tests.test_edge_fusion.ReplayTests.test_journal_determinism_and_true_call_binding) ... ok
test_original_point_metrics_reproduced (graph_synthesis.tests.test_edge_fusion.ReplayTests.test_original_point_metrics_reproduced) ... ok
test_real_complete_neighborhood_tradeoff (graph_synthesis.tests.test_falsification.FrozenDiagnosticTests.test_real_complete_neighborhood_tradeoff) ... ok
test_real_errors_are_shared_not_independent_votes (graph_synthesis.tests.test_falsification.FrozenDiagnosticTests.test_real_errors_are_shared_not_independent_votes) ... ok
test_real_relation_quality_conservation (graph_synthesis.tests.test_falsification.FrozenDiagnosticTests.test_real_relation_quality_conservation) ... ok
test_reference_fresh_call_count_zero (graph_synthesis.tests.test_falsification.FrozenDiagnosticTests.test_reference_fresh_call_count_zero) ... ok
test_declared_type_violation_fails_atomically (graph_synthesis.tests.test_falsification.MechanismTests.test_declared_type_violation_fails_atomically) ... ok
test_identity_bridge_amplification_and_repair (graph_synthesis.tests.test_falsification.MechanismTests.test_identity_bridge_amplification_and_repair) ... ok
test_independent_retraction_oracle (graph_synthesis.tests.test_falsification.MechanismTests.test_independent_retraction_oracle) ... ok
test_invalid_mechanism_sizes (graph_synthesis.tests.test_falsification.MechanismTests.test_invalid_mechanism_sizes) ... ok
test_origin_copy_is_not_new_corroboration (graph_synthesis.tests.test_falsification.MechanismTests.test_origin_copy_is_not_new_corroboration) ... ok
test_overlapping_temporal_scope_is_known_limitation (graph_synthesis.tests.test_falsification.MechanismTests.test_overlapping_temporal_scope_is_known_limitation) ... ok
test_schema_correct_does_not_mean_truth (graph_synthesis.tests.test_falsification.MechanismTests.test_schema_correct_does_not_mean_truth) ... ok
test_twenty_seeded_dag_lifecycle_episodes (graph_synthesis.tests.test_falsification.MechanismTests.test_twenty_seeded_dag_lifecycle_episodes) ... ok
test_withdrawing_one_copy_is_not_origin_wide (graph_synthesis.tests.test_falsification.MechanismTests.test_withdrawing_one_copy_is_not_origin_wide) ... ok
test_all_candidate_endpoints_group_even_failed_rows (graph_synthesis.tests.test_falsification.MetricTests.test_all_candidate_endpoints_group_even_failed_rows) ... ok
test_candidate_loss_keeps_original_denominator (graph_synthesis.tests.test_falsification.MetricTests.test_candidate_loss_keeps_original_denominator) ... ok
test_complete_and_clean_requires_all_gold_edges (graph_synthesis.tests.test_falsification.MetricTests.test_complete_and_clean_requires_all_gold_edges) ... ok
test_empty_graph_is_not_complete_synthesis (graph_synthesis.tests.test_falsification.MetricTests.test_empty_graph_is_not_complete_synthesis) ... ok
test_empty_precision_not_perfect (graph_synthesis.tests.test_falsification.MetricTests.test_empty_precision_not_perfect) ... ok
test_error_is_not_neutral (graph_synthesis.tests.test_falsification.MetricTests.test_error_is_not_neutral) ... ok
test_grouping_does_not_use_gold_or_scores (graph_synthesis.tests.test_falsification.MetricTests.test_grouping_does_not_use_gold_or_scores) ... ok
test_grouping_is_order_invariant (graph_synthesis.tests.test_falsification.MetricTests.test_grouping_is_order_invariant) ... ok
test_identical_arms_have_zero_bootstrap_difference (graph_synthesis.tests.test_falsification.MetricTests.test_identical_arms_have_zero_bootstrap_difference) ... ok
test_invalid_bootstrap_draws (graph_synthesis.tests.test_falsification.MetricTests.test_invalid_bootstrap_draws) ... ok
test_invalid_loss_is_rejected (graph_synthesis.tests.test_falsification.MetricTests.test_invalid_loss_is_rejected) ... ok
test_joint_errors_excludes_operations_from_semantic_denominator (graph_synthesis.tests.test_falsification.MetricTests.test_joint_errors_excludes_operations_from_semantic_denominator) ... ok
test_joint_errors_pair_by_id_not_row_order (graph_synthesis.tests.test_falsification.MetricTests.test_joint_errors_pair_by_id_not_row_order) ... ok
test_joint_errors_zero_marginal_no_infinite_ratio (graph_synthesis.tests.test_falsification.MetricTests.test_joint_errors_zero_marginal_no_infinite_ratio) ... ok
test_missing_class_gives_undefined_projection (graph_synthesis.tests.test_falsification.MetricTests.test_missing_class_gives_undefined_projection) ... ok
test_no_positive_component_is_not_counted_complete (graph_synthesis.tests.test_falsification.MetricTests.test_no_positive_component_is_not_counted_complete) ... ok
test_one_wrong_edge_contaminates_whole_component (graph_synthesis.tests.test_falsification.MetricTests.test_one_wrong_edge_contaminates_whole_component) ... ok
test_pair_validator_rejects_different_candidate (graph_synthesis.tests.test_falsification.MetricTests.test_pair_validator_rejects_different_candidate) ... ok
test_pair_validator_rejects_different_gold (graph_synthesis.tests.test_falsification.MetricTests.test_pair_validator_rejects_different_gold) ... ok
test_pair_validator_rejects_duplicate_ids (graph_synthesis.tests.test_falsification.MetricTests.test_pair_validator_rejects_duplicate_ids) ... ok
test_pair_validator_rejects_missing_ids (graph_synthesis.tests.test_falsification.MetricTests.test_pair_validator_rejects_missing_ids) ... ok
test_planning_rejects_invalid_risk (graph_synthesis.tests.test_falsification.MetricTests.test_planning_rejects_invalid_risk) ... ok
test_prevalence_formula_and_decreasing_base_rate (graph_synthesis.tests.test_falsification.MetricTests.test_prevalence_formula_and_decreasing_base_rate) ... ok
test_quantile_linear_interpolation (graph_synthesis.tests.test_falsification.MetricTests.test_quantile_linear_interpolation) ... ok
test_source_loss_ignores_labels (graph_synthesis.tests.test_falsification.MetricTests.test_source_loss_ignores_labels) ... ok
test_source_loss_nested_and_shared (graph_synthesis.tests.test_falsification.MetricTests.test_source_loss_nested_and_shared) ... ok
test_source_loss_removes_all_candidates_from_source (graph_synthesis.tests.test_falsification.MetricTests.test_source_loss_removes_all_candidates_from_source) ... ok
test_undefined_precision_draws_are_reported (graph_synthesis.tests.test_falsification.MetricTests.test_undefined_precision_draws_are_reported) ... ok
test_wrong_polarity_is_wrong_edge_and_missed_gold (graph_synthesis.tests.test_falsification.MetricTests.test_wrong_polarity_is_wrong_edge_and_missed_gold) ... ok
test_zero_error_planning_is_minimal (graph_synthesis.tests.test_falsification.MetricTests.test_zero_error_planning_is_minimal) ... ok
test_authentication_failure_is_journaled_and_stops_remaining_calls (graph_synthesis.tests.test_live_challenge.LiveChallengeJournalTests.test_authentication_failure_is_journaled_and_stops_remaining_calls) ... {"completed": 1, "total": 48, "status": "error"}
ok
test_existing_run_cannot_be_overwritten (graph_synthesis.tests.test_live_challenge.LiveChallengeJournalTests.test_existing_run_cannot_be_overwritten) ... ok
test_failed_repeat_does_not_disappear (graph_synthesis.tests.test_multicall.MulticallTests.test_failed_repeat_does_not_disappear) ... ok
test_gold_rationale_and_other_answers_absent_from_blind_requests (graph_synthesis.tests.test_multicall.MulticallTests.test_gold_rationale_and_other_answers_absent_from_blind_requests) ... ok
test_majority_is_not_probability_product (graph_synthesis.tests.test_multicall.MulticallTests.test_majority_is_not_probability_product) ... ok
test_selective_threshold_and_required_cost (graph_synthesis.tests.test_multicall.MulticallTests.test_selective_threshold_and_required_cost) ... ok
test_targeted_requires_valid_checks (graph_synthesis.tests.test_multicall.MulticallTests.test_targeted_requires_valid_checks) ... ok
test_three_way_disagreement_abstains (graph_synthesis.tests.test_multicall.MulticallTests.test_three_way_disagreement_abstains) ... ok
test_components_keep_dependent_rows_together (graph_synthesis.tests.test_multicall_analysis.EdgeAccountingTests.test_components_keep_dependent_rows_together) ... ok
test_empty_acceptance_has_undefined_precision (graph_synthesis.tests.test_multicall_analysis.EdgeAccountingTests.test_empty_acceptance_has_undefined_precision) ... ok
test_matched_selection_preserves_denominators (graph_synthesis.tests.test_multicall_analysis.EdgeAccountingTests.test_matched_selection_preserves_denominators) ... ok
test_wrong_polarity_is_false_edge_and_missed_gold (graph_synthesis.tests.test_multicall_analysis.EdgeAccountingTests.test_wrong_polarity_is_false_edge_and_missed_gold) ... ok
test_binomial_numeric_reference (graph_synthesis.tests.test_research.MetricTests.test_binomial_numeric_reference) ... ok
test_binomial_upper_matches_zero_error_closed_form (graph_synthesis.tests.test_research.MetricTests.test_binomial_upper_matches_zero_error_closed_form) ... ok
test_calibration_never_accepts_evaluation_split (graph_synthesis.tests.test_research.MetricTests.test_calibration_never_accepts_evaluation_split) ... ok
test_dependent_calibration_rows_cannot_use_iid_binomial_qualification (graph_synthesis.tests.test_research.MetricTests.test_dependent_calibration_rows_cannot_use_iid_binomial_qualification) ... ok
test_directed_multi_relation_and_component_metrics (graph_synthesis.tests.test_research.MetricTests.test_directed_multi_relation_and_component_metrics) ... ok
test_float_roundoff_is_reported_and_not_mislabeled_bitwise_equal (graph_synthesis.tests.test_research.MetricTests.test_float_roundoff_is_reported_and_not_mislabeled_bitwise_equal) ... ok
test_paired_bootstrap_respects_components_and_no_acceptance (graph_synthesis.tests.test_research.MetricTests.test_paired_bootstrap_respects_components_and_no_acceptance) ... ok
test_precision_false_positive_rate_and_coverage_have_distinct_denominators (graph_synthesis.tests.test_research.MetricTests.test_precision_false_positive_rate_and_coverage_have_distinct_denominators) ... ok
test_small_negative_sample_does_not_certify_deployment (graph_synthesis.tests.test_research.MetricTests.test_small_negative_sample_does_not_certify_deployment) ... ok
test_unmanifested_and_changed_files_are_rejected (graph_synthesis.tests.test_research.MetricTests.test_unmanifested_and_changed_files_are_rejected) ... ok
test_bad_response_contract_rejected (graph_synthesis.tests.test_research.RecordedTests.test_bad_response_contract_rejected) ... ok
test_error_remains_error_without_neutral_probability (graph_synthesis.tests.test_research.RecordedTests.test_error_remains_error_without_neutral_probability) ... ok
test_evaluation_gold_never_enters_current_input (graph_synthesis.tests.test_research.RecordedTests.test_evaluation_gold_never_enters_current_input) ... ok
test_exact_raw_observation_reconstructs (graph_synthesis.tests.test_research.RecordedTests.test_exact_raw_observation_reconstructs) ... ok
test_exported_graph_contains_sources_and_durable_lifecycle (graph_synthesis.tests.test_research.RecordedTests.test_exported_graph_contains_sources_and_durable_lifecycle) ... ok
test_fake_live_adapter_requires_consent_and_counts_failures (graph_synthesis.tests.test_research.RecordedTests.test_fake_live_adapter_requires_consent_and_counts_failures) ... ok
test_frozen_inventory_is_unchanged (graph_synthesis.tests.test_research.RecordedTests.test_frozen_inventory_is_unchanged) ... ok
test_graph_is_independent_of_gold_but_metrics_are_not (graph_synthesis.tests.test_research.RecordedTests.test_graph_is_independent_of_gold_but_metrics_are_not) ... ok
test_out_of_scope_task_and_arm_fail_closed (graph_synthesis.tests.test_research.RecordedTests.test_out_of_scope_task_and_arm_fail_closed) ... ok
test_prediction_change_is_detected (graph_synthesis.tests.test_research.RecordedTests.test_prediction_change_is_detected) ... ok
test_prompt_change_is_detected (graph_synthesis.tests.test_research.RecordedTests.test_prompt_change_is_detected) ... ok
test_raw_response_change_is_detected (graph_synthesis.tests.test_research.RecordedTests.test_raw_response_change_is_detected) ... ok
test_state_change_cannot_reuse_a_score (graph_synthesis.tests.test_research.RecordedTests.test_state_change_cannot_reuse_a_score) ... ok
test_unknown_model_cannot_use_frozen_formulation (graph_synthesis.tests.test_research.RecordedTests.test_unknown_model_cannot_use_frozen_formulation) ... ok
test_48_distinct_cases_12_families (graph_synthesis.tests.test_semantic_challenge.ChallengeTests.test_48_distinct_cases_12_families) ... ok
test_challenge_duplicate_ids_rejected (graph_synthesis.tests.test_semantic_challenge.ChallengeTests.test_challenge_duplicate_ids_rejected) ... ok
test_challenge_state_cannot_contain_gold (graph_synthesis.tests.test_semantic_challenge.ChallengeTests.test_challenge_state_cannot_contain_gold) ... ok
test_changed_input_cannot_reuse_predictions (graph_synthesis.tests.test_semantic_challenge.ChallengeTests.test_changed_input_cannot_reuse_predictions) ... ok
test_duplicate_predictions_rejected (graph_synthesis.tests.test_semantic_challenge.ChallengeTests.test_duplicate_predictions_rejected) ... ok
test_empty_journal_counts_missing_not_perfect (graph_synthesis.tests.test_semantic_challenge.ChallengeTests.test_empty_journal_counts_missing_not_perfect) ... ok
test_empty_provenance_rejected (graph_synthesis.tests.test_semantic_challenge.ChallengeTests.test_empty_provenance_rejected) ... ok
test_error_cannot_invent_probabilities (graph_synthesis.tests.test_semantic_challenge.ChallengeTests.test_error_cannot_invent_probabilities) ... ok
test_errors_and_abstentions_distinct (graph_synthesis.tests.test_semantic_challenge.ChallengeTests.test_errors_and_abstentions_distinct) ... ok
test_export_does_not_alias_state (graph_synthesis.tests.test_semantic_challenge.ChallengeTests.test_export_does_not_alias_state) ... ok
test_export_is_detached_from_labels (graph_synthesis.tests.test_semantic_challenge.ChallengeTests.test_export_is_detached_from_labels) ... ok
test_gold_free_exports (graph_synthesis.tests.test_semantic_challenge.ChallengeTests.test_gold_free_exports) ... ok
test_input_hash_includes_instruction_and_allowed_labels (graph_synthesis.tests.test_semantic_challenge.ChallengeTests.test_input_hash_includes_instruction_and_allowed_labels) ... ok
test_journal_hash_is_row_order_independent (graph_synthesis.tests.test_semantic_challenge.ChallengeTests.test_journal_hash_is_row_order_independent) ... ok
test_mixed_model_arms_rejected (graph_synthesis.tests.test_semantic_challenge.ChallengeTests.test_mixed_model_arms_rejected) ... ok
test_nonfinite_distribution_rejected (graph_synthesis.tests.test_semantic_challenge.ChallengeTests.test_nonfinite_distribution_rejected) ... ok
test_nonhash_provenance_rejected (graph_synthesis.tests.test_semantic_challenge.ChallengeTests.test_nonhash_provenance_rejected) ... ok
test_nonmaximal_label_rejected (graph_synthesis.tests.test_semantic_challenge.ChallengeTests.test_nonmaximal_label_rejected) ... ok
test_oracle_fixture_is_only_evaluator_positive_control (graph_synthesis.tests.test_semantic_challenge.ChallengeTests.test_oracle_fixture_is_only_evaluator_positive_control) ... ok
test_partial_journal_denominator_not_shrunk (graph_synthesis.tests.test_semantic_challenge.ChallengeTests.test_partial_journal_denominator_not_shrunk) ... ok
test_unknown_predictions_rejected (graph_synthesis.tests.test_semantic_challenge.ChallengeTests.test_unknown_predictions_rejected) ... ok
test_unrecognized_probability_label_rejected (graph_synthesis.tests.test_semantic_challenge.ChallengeTests.test_unrecognized_probability_label_rejected) ... ok
test_all_candidate_denominators_preserved (graph_synthesis.tests.test_visualize.FrozenFigureTests.test_all_candidate_denominators_preserved) ... ok
test_changed_summary_counts_fail_closed (graph_synthesis.tests.test_visualize.FrozenFigureTests.test_changed_summary_counts_fail_closed) ... ok
test_chart_inventory_and_data_are_current (graph_synthesis.tests.test_visualize.FrozenFigureTests.test_chart_inventory_and_data_are_current) ... ok
test_confusion_retains_every_row (graph_synthesis.tests.test_visualize.FrozenFigureTests.test_confusion_retains_every_row) ... ok
test_every_svg_is_parseable_without_scripts (graph_synthesis.tests.test_visualize.FrozenFigureTests.test_every_svg_is_parseable_without_scripts) ... ok
test_highest_score_is_not_assumed_perfect (graph_synthesis.tests.test_visualize.FrozenFigureTests.test_highest_score_is_not_assumed_perfect) ... ok
test_lifecycle_retains_history (graph_synthesis.tests.test_visualize.FrozenFigureTests.test_lifecycle_retains_history) ... ok
test_no_new_inference (graph_synthesis.tests.test_visualize.FrozenFigureTests.test_no_new_inference) ... ok
test_paper_includes_each_reviewed_figure_once (graph_synthesis.tests.test_visualize.FrozenFigureTests.test_paper_includes_each_reviewed_figure_once) ... ok
test_probability_denominator_matches_valid_rows (graph_synthesis.tests.test_visualize.FrozenFigureTests.test_probability_denominator_matches_valid_rows) ... ok
test_topology_preserves_every_candidate_node (graph_synthesis.tests.test_visualize.FrozenFigureTests.test_topology_preserves_every_candidate_node) ... ok
test_component_selection_does_not_use_gold (graph_synthesis.tests.test_visualize.VisualMathTests.test_component_selection_does_not_use_gold) ... ok
test_coverage_retains_errors_and_no_edge (graph_synthesis.tests.test_visualize.VisualMathTests.test_coverage_retains_errors_and_no_edge) ... ok
test_empty_curve_does_not_claim_zero_risk (graph_synthesis.tests.test_visualize.VisualMathTests.test_empty_curve_does_not_claim_zero_risk) ... ok
test_invalid_reliability_probability (graph_synthesis.tests.test_visualize.VisualMathTests.test_invalid_reliability_probability) ... ok
test_invalid_score_rejected (graph_synthesis.tests.test_visualize.VisualMathTests.test_invalid_score_rejected) ... ok
test_polarity_error_is_wrong_edge (graph_synthesis.tests.test_visualize.VisualMathTests.test_polarity_error_is_wrong_edge) ... ok
test_probability_endpoints_and_boundaries (graph_synthesis.tests.test_visualize.VisualMathTests.test_probability_endpoints_and_boundaries) ... ok
test_ranking_does_not_use_gold (graph_synthesis.tests.test_visualize.VisualMathTests.test_ranking_does_not_use_gold) ... ok
test_reliability_excludes_failed_response_only (graph_synthesis.tests.test_visualize.VisualMathTests.test_reliability_excludes_failed_response_only) ... ok
test_reliability_includes_other_predictions (graph_synthesis.tests.test_visualize.VisualMathTests.test_reliability_includes_other_predictions) ... ok
test_reversed_contrast_changes_interval_sign (graph_synthesis.tests.test_visualize.VisualMathTests.test_reversed_contrast_changes_interval_sign) ... ok
test_ties_are_never_split (graph_synthesis.tests.test_visualize.VisualMathTests.test_ties_are_never_split) ... ok
test_all_rows_partition_once (graph_synthesis.tests.test_visualize_evidence.FigureTests.test_all_rows_partition_once) ... ok
test_canonical_tables_and_committed_data (graph_synthesis.tests.test_visualize_evidence.FigureTests.test_canonical_tables_and_committed_data) ... ok
test_distinct_operational_failure_and_abstention (graph_synthesis.tests.test_visualize_evidence.FigureTests.test_distinct_operational_failure_and_abstention) ... ok
test_fusion_usage_is_not_free_inference (graph_synthesis.tests.test_visualize_evidence.FigureTests.test_fusion_usage_is_not_free_inference) ... ok
test_matched_null_findings_not_rewritten (graph_synthesis.tests.test_visualize_evidence.FigureTests.test_matched_null_findings_not_rewritten) ... ok
test_neighborhood_is_real_and_candidate_selected (graph_synthesis.tests.test_visualize_evidence.FigureTests.test_neighborhood_is_real_and_candidate_selected) ... ok
test_partition_rejects_inconsistent_count (graph_synthesis.tests.test_visualize_evidence.FigureTests.test_partition_rejects_inconsistent_count) ... ok
test_reference_tampering_fails_closed (graph_synthesis.tests.test_visualize_evidence.FigureTests.test_reference_tampering_fails_closed) ... ok
test_reliability_counts_match_archived_edges (graph_synthesis.tests.test_visualize_evidence.FigureTests.test_reliability_counts_match_archived_edges) ... ok
test_reliability_includes_one_and_omits_empty_bins (graph_synthesis.tests.test_visualize_evidence.FigureTests.test_reliability_includes_one_and_omits_empty_bins) ... ok
test_reliability_invalid_scores_rejected (graph_synthesis.tests.test_visualize_evidence.FigureTests.test_reliability_invalid_scores_rejected) ... ok
test_svg_files_are_static_valid_and_accessible_text (graph_synthesis.tests.test_visualize_evidence.FigureTests.test_svg_files_are_static_valid_and_accessible_text) ... ok
test_topology_retains_isolates_and_schema_denominator (graph_synthesis.tests.test_visualize_evidence.FigureTests.test_topology_retains_isolates_and_schema_denominator) ... ok
test_withdrawal_is_conservative (graph_synthesis.tests.test_visualize_evidence.FigureTests.test_withdrawal_is_conservative) ... ok
test_wrong_polarity_and_unsupported_are_separate (graph_synthesis.tests.test_visualize_evidence.FigureTests.test_wrong_polarity_and_unsupported_are_separate) ... ok
test_conformal_target_does_not_imply_nominal_coverage (graph_synthesis.theory_suite.tests.test_methods.ArchiveTests.test_conformal_target_does_not_imply_nominal_coverage) ... ok
test_cost_calls_are_unique_within_each_comparison (graph_synthesis.theory_suite.tests.test_methods.ArchiveTests.test_cost_calls_are_unique_within_each_comparison) ... ok
test_error_rate_budget_counterexample_is_retained (graph_synthesis.theory_suite.tests.test_methods.ArchiveTests.test_error_rate_budget_counterexample_is_retained) ... ok
test_eval_gold_changes_do_not_change_calibration_choices (graph_synthesis.theory_suite.tests.test_methods.ArchiveTests.test_eval_gold_changes_do_not_change_calibration_choices) ... ok
test_original_recorded_inputs_and_no_post_purge_overlap (graph_synthesis.theory_suite.tests.test_methods.ArchiveTests.test_original_recorded_inputs_and_no_post_purge_overlap) ... ok
test_bell_partition_count_and_size_guard (graph_synthesis.theory_suite.tests.test_methods.MethodTests.test_bell_partition_count_and_size_guard) ... ok
test_budget_does_not_treat_probability_one_as_certification (graph_synthesis.theory_suite.tests.test_methods.MethodTests.test_budget_does_not_treat_probability_one_as_certification) ... ok
test_budget_duplicate_id_rejected (graph_synthesis.theory_suite.tests.test_methods.MethodTests.test_budget_duplicate_id_rejected) ... ok
test_budget_is_component_local_and_permutation_stable (graph_synthesis.theory_suite.tests.test_methods.MethodTests.test_budget_is_component_local_and_permutation_stable) ... ok
test_cascade_alignment_and_missing_tokens (graph_synthesis.theory_suite.tests.test_methods.MethodTests.test_cascade_alignment_and_missing_tokens) ... ok
test_cascade_calibration_only (graph_synthesis.theory_suite.tests.test_methods.MethodTests.test_cascade_calibration_only) ... ok
test_cascade_cost_includes_initial_call_and_error_fallback (graph_synthesis.theory_suite.tests.test_methods.MethodTests.test_cascade_cost_includes_initial_call_and_error_fallback) ... ok
test_cascade_fit_uses_cheapest_eligible_not_evaluation (graph_synthesis.theory_suite.tests.test_methods.MethodTests.test_cascade_fit_uses_cheapest_eligible_not_evaluation) ... ok
test_conformal_empty_or_tiny_calibration_universal (graph_synthesis.theory_suite.tests.test_methods.MethodTests.test_conformal_empty_or_tiny_calibration_universal) ... ok
test_conformal_refuses_evaluation_fit (graph_synthesis.theory_suite.tests.test_methods.MethodTests.test_conformal_refuses_evaluation_fit) ... ok
test_decoder_incomplete_pairs_and_bad_order (graph_synthesis.theory_suite.tests.test_methods.MethodTests.test_decoder_incomplete_pairs_and_bad_order) ... ok
test_exact_decoder_known_triangle (graph_synthesis.theory_suite.tests.test_methods.MethodTests.test_exact_decoder_known_triangle) ... ok
test_exact_decoder_permutation_equivariance_without_ties (graph_synthesis.theory_suite.tests.test_methods.MethodTests.test_exact_decoder_permutation_equivariance_without_ties) ... ok
test_exact_objective_not_worse_than_greedy (graph_synthesis.theory_suite.tests.test_methods.MethodTests.test_exact_objective_not_worse_than_greedy) ... ok
test_features_exclude_gold_and_unknown_annotations (graph_synthesis.theory_suite.tests.test_methods.MethodTests.test_features_exclude_gold_and_unknown_annotations) ... ok
test_group_conformal_uses_maximum_and_finite_rank (graph_synthesis.theory_suite.tests.test_methods.MethodTests.test_group_conformal_uses_maximum_and_finite_rank) ... ok
test_invalid_probability_rejected (graph_synthesis.theory_suite.tests.test_methods.MethodTests.test_invalid_probability_rejected) ... ok
test_lineage_all_withdrawal_subsets (graph_synthesis.theory_suite.tests.test_methods.MethodTests.test_lineage_all_withdrawal_subsets) ... ok
test_macro_f1_invalid_alignment (graph_synthesis.theory_suite.tests.test_methods.MethodTests.test_macro_f1_invalid_alignment) ... ok
test_macro_f1_known_confusion (graph_synthesis.theory_suite.tests.test_methods.MethodTests.test_macro_f1_known_confusion) ... ok
test_offline_socket_guard (graph_synthesis.theory_suite.tests.test_methods.MethodTests.test_offline_socket_guard) ... ok
test_prediction_set_ties_errors_and_empty (graph_synthesis.theory_suite.tests.test_methods.MethodTests.test_prediction_set_ties_errors_and_empty) ... ok
test_rare_prior_precision_known (graph_synthesis.theory_suite.tests.test_methods.MethodTests.test_rare_prior_precision_known) ... ok
test_review_gold_independence (graph_synthesis.theory_suite.tests.test_methods.MethodTests.test_review_gold_independence) ... ok
test_review_invalid_budget_and_duplicate (graph_synthesis.theory_suite.tests.test_methods.MethodTests.test_review_invalid_budget_and_duplicate) ... ok
test_run_restores_socket_after_input_failure (graph_synthesis.theory_suite.tests.test_methods.MethodTests.test_run_restores_socket_after_input_failure) ... ok
test_schema_preview_detects_symmetry_and_inverse_drift (graph_synthesis.theory_suite.tests.test_methods.MethodTests.test_schema_preview_detects_symmetry_and_inverse_drift) ... ok
test_schema_preview_invalid_migration_leaves_original (graph_synthesis.theory_suite.tests.test_methods.MethodTests.test_schema_preview_invalid_migration_leaves_original) ... ok
test_semantic_cache_key_versions_and_absence (graph_synthesis.theory_suite.tests.test_methods.MethodTests.test_semantic_cache_key_versions_and_absence) ... ok
test_semantic_cache_rejects_missing_versions_and_bad_generation (graph_synthesis.theory_suite.tests.test_methods.MethodTests.test_semantic_cache_rejects_missing_versions_and_bad_generation) ... ok
test_source_component_purge_transitive_and_label_free (graph_synthesis.theory_suite.tests.test_methods.MethodTests.test_source_component_purge_transitive_and_label_free) ... ok
test_topological_review_uses_neighborhood_not_gold (graph_synthesis.theory_suite.tests.test_methods.MethodTests.test_topological_review_uses_neighborhood_not_gold) ... ok

----------------------------------------------------------------------
Ran 773 tests in 18.059s

OK
