task,arm,panel,selection,seed,calibration,n,accuracy,macro_f1,mcc,brier,log_loss,ece,aurc,correct_positive_edges,wrong_positive_edges
entity_resolution,baseline_noul,evaluation,baseline,0,raw,413,0.9806295399515739,0.96045197740113,0.9238545006781855,0.04399951573849862,0.11313433108113882,0.06409200968523004,0.00224856842054075,350,8
entity_resolution,baseline_noul,evaluation,baseline,0,temperature,413,0.9806295399515739,0.96045197740113,0.9238545006781855,0.03413808190806026,0.08493502312129658,0.017049786358063666,0.00224856842054075,350,8
entity_resolution,baseline_noul,evaluation,baseline,0,temperature_bias,413,0.9806295399515739,0.96045197740113,0.9238545006781855,0.03361569805846974,0.08385956797547825,0.014930083749610048,0.0021987637585256297,350,8
entity_resolution,baseline_noul,evaluation,accuracy,17,raw,413,0.9806295399515739,0.96045197740113,0.9238545006781855,0.04424503631961244,0.11323262174968723,0.06435835351089583,0.0021416552919017607,350,8
entity_resolution,baseline_noul,evaluation,accuracy,17,temperature,413,0.9806295399515739,0.96045197740113,0.9238545006781855,0.034289768963110236,0.0836330443819642,0.014052922859294423,0.0021416552919017607,350,8
entity_resolution,baseline_noul,evaluation,accuracy,17,temperature_bias,413,0.9806295399515739,0.96045197740113,0.9238545006781855,0.03386856383119598,0.08274060361056786,0.015751644299561277,0.002109290635970659,350,8
entity_resolution,baseline_noul,evaluation,nll,17,raw,413,0.9806295399515739,0.96045197740113,0.9238545006781855,0.044182566585956234,0.11344991505511474,0.06443099273607747,0.002270825369728209,350,8
entity_resolution,baseline_noul,evaluation,nll,17,temperature,413,0.9806295399515739,0.96045197740113,0.9238545006781855,0.03374583035394735,0.0842048098419005,0.0167307920398405,0.002270825369728209,350,8
entity_resolution,baseline_noul,evaluation,nll,17,temperature_bias,413,0.9806295399515739,0.96045197740113,0.9238545006781855,0.03331138187407946,0.08331422797449431,0.016606205640282954,0.002240548294494077,350,8
entity_resolution,baseline_noul,evaluation,accuracy,29,raw,413,0.9830508474576272,0.9656377402446127,0.9335200560186732,0.041340920096852175,0.1108075739050376,0.06922518159806293,0.0017621593381837684,350,7
entity_resolution,baseline_noul,evaluation,accuracy,29,temperature,413,0.9830508474576272,0.9656377402446127,0.9335200560186732,0.02794667338996588,0.06822336124667182,0.013108528035686256,0.0017621593381837684,350,7
entity_resolution,baseline_noul,evaluation,accuracy,29,temperature_bias,413,0.9830508474576272,0.9656377402446127,0.9335200560186732,0.02836821564864115,0.06906461039353441,0.01316347976670208,0.0017959517252932656,350,7
entity_resolution,baseline_noul,evaluation,nll,29,raw,413,0.9878934624697336,0.9757927436844265,0.9527162387678157,0.031225181598062875,0.085273818800966,0.0497336561743342,0.0015951022613964426,350,5
entity_resolution,baseline_noul,evaluation,nll,29,temperature,413,0.9878934624697336,0.9757927436844265,0.9527162387678157,0.02259363282173062,0.05382551804483737,0.008741111230159552,0.0015951022613964426,350,5
entity_resolution,baseline_noul,evaluation,nll,29,temperature_bias,413,0.9878934624697336,0.9757927436844265,0.9527162387678157,0.023756010414984943,0.05556300174692356,0.006368046070951957,0.001661330594726084,350,5
entity_resolution,baseline_noul,evaluation,accuracy,43,raw,413,0.9806295399515739,0.96045197740113,0.9238545006781855,0.04431089588377706,0.11351215937838316,0.06416464891041167,0.0023703816697243523,350,8
entity_resolution,baseline_noul,evaluation,accuracy,43,temperature,413,0.9806295399515739,0.96045197740113,0.9238545006781855,0.03444312839913246,0.08428912780054185,0.01433695718010896,0.0023703816697243523,350,8
entity_resolution,baseline_noul,evaluation,accuracy,43,temperature_bias,413,0.9806295399515739,0.96045197740113,0.9238545006781855,0.03410345055183385,0.08359380837891427,0.014356108264637703,0.0023452924210428916,350,8
entity_resolution,baseline_noul,evaluation,nll,43,raw,413,0.9806295399515739,0.96045197740113,0.9238545006781855,0.04437772397094414,0.11362762188113269,0.06445520581113807,0.002304699009905765,350,8
entity_resolution,baseline_noul,evaluation,nll,43,temperature,413,0.9806295399515739,0.96045197740113,0.9238545006781855,0.034094651166794054,0.08435926551945043,0.014002955814960652,0.002298705674494742,350,8
entity_resolution,baseline_noul,evaluation,nll,43,temperature_bias,413,0.9806295399515739,0.96045197740113,0.9238545006781855,0.033771979215875936,0.08366153445160633,0.015706152547336816,0.00227421380745007,350,8
entity_resolution,baseline_noul,evaluation,accuracy,71,raw,413,0.9806295399515739,0.96045197740113,0.9238545006781855,0.04126004842614998,0.10740616608238276,0.06479418886198543,0.001992935988801692,350,8
entity_resolution,baseline_noul,evaluation,accuracy,71,temperature,413,0.9806295399515739,0.96045197740113,0.9238545006781855,0.032204587120859586,0.07708729176718399,0.013108517530129427,0.001992935988801692,350,8
entity_resolution,baseline_noul,evaluation,accuracy,71,temperature_bias,413,0.9806295399515739,0.96045197740113,0.9238545006781855,0.03206415358904045,0.07676946214566072,0.013129028144094185,0.0019683168455695353,350,8
entity_resolution,baseline_noul,evaluation,nll,71,raw,413,0.9830508474576272,0.9656377402446127,0.9335200560186732,0.04404067796610153,0.11655574233378597,0.07288135593220345,0.0022875187668902723,350,7
entity_resolution,baseline_noul,evaluation,nll,71,temperature,413,0.9830508474576272,0.9656377402446127,0.9335200560186732,0.029441443237948065,0.07694269654302144,0.012552314470067185,0.0022637511523347937,350,7
entity_resolution,baseline_noul,evaluation,nll,71,temperature_bias,413,0.9830508474576272,0.9656377402446127,0.9335200560186732,0.029431596496325152,0.07693020441645179,0.012556166861716747,0.002255459003341461,350,7
entity_resolution,baseline_noul,evaluation,accuracy,101,raw,413,0.9806295399515739,0.96045197740113,0.9238545006781855,0.044224697336561564,0.11347325635484817,0.06445520581113805,0.0022154949501578306,350,8
entity_resolution,baseline_noul,evaluation,accuracy,101,temperature,413,0.9806295399515739,0.96045197740113,0.9238545006781855,0.033950498652455606,0.08352410342727679,0.01404618936327038,0.0022154949501578306,350,8
entity_resolution,baseline_noul,evaluation,accuracy,101,temperature_bias,413,0.9806295399515739,0.96045197740113,0.9238545006781855,0.03344991333639863,0.08248627288729593,0.014068282209310876,0.0021850447490195514,350,8
entity_resolution,baseline_noul,evaluation,nll,101,raw,413,0.9782082324455206,0.955191493978518,0.9141414530040077,0.04395108958837756,0.11285128370078049,0.06549636803874093,0.0022388439578293956,350,9
entity_resolution,baseline_noul,evaluation,nll,101,temperature,413,0.9782082324455206,0.955191493978518,0.9141414530040077,0.03391217217711473,0.08559252121657838,0.016748896926249514,0.0022388439578293956,350,9
entity_resolution,baseline_noul,evaluation,nll,101,temperature_bias,413,0.9806295399515739,0.96045197740113,0.9238545006781855,0.03344269280124203,0.0847343907281001,0.014331842525442113,0.0022073410631700922,350,8
entity_resolution,baseline_noul,fixtures,baseline,0,raw,88,0.9545454545454546,0.8961038961038961,0.7967545505142611,0.07180681818181818,0.13877256390330628,0.04988636363636371,0.006226813016801555,75,3
entity_resolution,baseline_noul,fixtures,baseline,0,temperature,88,0.9545454545454546,0.8961038961038961,0.7967545505142611,0.0846513869972315,0.20315456822300956,0.04461361612137121,0.006226813016801555,75,3
entity_resolution,baseline_noul,fixtures,baseline,0,temperature_bias,88,0.9545454545454546,0.8961038961038961,0.7967545505142611,0.08345048506309466,0.2026212380432029,0.044398446624694735,0.006153591876838781,75,3
entity_resolution,baseline_noul,fixtures,accuracy,17,raw,88,0.9545454545454546,0.8961038961038961,0.7967545505142611,0.0723909090909091,0.1395616173233369,0.050227272727272725,0.006226813016801555,75,3
entity_resolution,baseline_noul,fixtures,accuracy,17,temperature,88,0.9545454545454546,0.8961038961038961,0.7967545505142611,0.08458267858956342,0.20443646620683661,0.04424801390513913,0.006226813016801555,75,3
entity_resolution,baseline_noul,fixtures,accuracy,17,temperature_bias,88,0.9545454545454546,0.8961038961038961,0.7967545505142611,0.0836062282138838,0.2039716290640423,0.04407903653481058,0.006287281716410974,75,3
entity_resolution,baseline_noul,fixtures,nll,17,raw,88,0.9545454545454546,0.8961038961038961,0.7967545505142611,0.0719159090909091,0.13878285251480607,0.050113636363636305,0.006226813016801555,75,3
entity_resolution,baseline_noul,fixtures,nll,17,temperature,88,0.9545454545454546,0.8961038961038961,0.7967545505142611,0.08477482051539433,0.2041191443306242,0.044726541866293226,0.006226813016801555,75,3
entity_resolution,baseline_noul,fixtures,nll,17,temperature_bias,88,0.9545454545454546,0.8961038961038961,0.7967545505142611,0.08375978798458283,0.20375037101639293,0.04453635202795572,0.0064194170229648845,75,3
entity_resolution,baseline_noul,fixtures,accuracy,29,raw,88,0.9545454545454546,0.8961038961038961,0.7967545505142611,0.06649318181818176,0.1333533705502121,0.051931818181818225,0.0056346826497919176,75,3
entity_resolution,baseline_noul,fixtures,accuracy,29,temperature,88,0.9545454545454546,0.8961038961038961,0.7967545505142611,0.07361267152539036,0.1826367183743278,0.044827785874989506,0.006212605360239468,75,3
entity_resolution,baseline_noul,fixtures,accuracy,29,temperature_bias,88,0.9545454545454546,0.8961038961038961,0.7967545505142611,0.07542968811114945,0.1827584393206159,0.04565020080540077,0.0056346826497919176,75,3
entity_resolution,baseline_noul,fixtures,nll,29,raw,88,0.9545454545454546,0.8961038961038961,0.7967545505142611,0.09001590909090908,0.2057997017391849,0.1235227272727273,0.02553129809278605,75,3
entity_resolution,baseline_noul,fixtures,nll,29,temperature,88,0.9545454545454546,0.8961038961038961,0.7967545505142611,0.0675942107605127,0.13559319374532416,0.026164663372167805,0.02553129809278605,75,3
entity_resolution,baseline_noul,fixtures,nll,29,temperature_bias,88,0.9431818181818182,0.8648233486943164,0.7401402802283915,0.07238756372339367,0.13697406383588406,0.026697926778492826,0.018194445127678795,75,4
entity_resolution,baseline_noul,fixtures,accuracy,43,raw,88,0.9545454545454546,0.8961038961038961,0.7967545505142611,0.07210454545454548,0.13873091278694674,0.04977272727272731,0.006226813016801555,75,3
entity_resolution,baseline_noul,fixtures,accuracy,43,temperature,88,0.9545454545454546,0.8961038961038961,0.7967545505142611,0.08478055600008344,0.20188641334002871,0.0442022637428761,0.006226813016801555,75,3
entity_resolution,baseline_noul,fixtures,accuracy,43,temperature_bias,88,0.9545454545454546,0.8961038961038961,0.7967545505142611,0.08407174439387227,0.20154925966547407,0.04408640647170693,0.0064194170229648845,75,3
entity_resolution,baseline_noul,fixtures,nll,43,raw,88,0.9545454545454546,0.8961038961038961,0.7967545505142611,0.07144545454545458,0.13806224014693155,0.04954545454545454,0.006037419077407616,75,3
entity_resolution,baseline_noul,fixtures,nll,43,temperature,88,0.9545454545454546,0.8961038961038961,0.7967545505142611,0.08381139307473498,0.2005917795840377,0.04402006900581706,0.006037419077407616,75,3
entity_resolution,baseline_noul,fixtures,nll,43,temperature_bias,88,0.9545454545454546,0.8961038961038961,0.7967545505142611,0.08307527972821205,0.2001772319299871,0.04388662607121152,0.0064194170229648845,75,3
entity_resolution,baseline_noul,fixtures,accuracy,71,raw,88,0.9431818181818182,0.8648233486943164,0.7401402802283915,0.07212500000000001,0.1372131017899927,0.05488636363636368,0.0063559452482065135,75,4
entity_resolution,baseline_noul,fixtures,accuracy,71,temperature,88,0.9431818181818182,0.8648233486943164,0.7401402802283915,0.0887154048453921,0.20120633777535799,0.04614469170713509,0.0063559452482065135,75,4
entity_resolution,baseline_noul,fixtures,accuracy,71,temperature_bias,88,0.9431818181818182,0.8648233486943164,0.7401402802283915,0.0883525143058734,0.20092233684555422,0.04608843192807226,0.0063559452482065135,75,4
entity_resolution,baseline_noul,fixtures,nll,71,raw,88,0.9545454545454546,0.8961038961038961,0.7967545505142611,0.06428863636363631,0.13202234028091045,0.04875000000000001,0.005698236054194686,75,3
entity_resolution,baseline_noul,fixtures,nll,71,temperature,88,0.9545454545454546,0.8961038961038961,0.7967545505142611,0.06434033083208274,0.17564314104889994,0.037952945336960156,0.005890840060358015,75,3
entity_resolution,baseline_noul,fixtures,nll,71,temperature_bias,88,0.9545454545454546,0.8961038961038961,0.7967545505142611,0.06428968686071376,0.17567209584869634,0.03793711629382457,0.005890840060358015,75,3
entity_resolution,baseline_noul,fixtures,accuracy,101,raw,88,0.9545454545454546,0.8961038961038961,0.7967545505142611,0.07089545454545455,0.1366900293657882,0.05000000000000005,0.006037419077407616,75,3
entity_resolution,baseline_noul,fixtures,accuracy,101,temperature,88,0.9545454545454546,0.8961038961038961,0.7967545505142611,0.08309699276900821,0.19409908106842114,0.04419180398135586,0.006037419077407616,75,3
entity_resolution,baseline_noul,fixtures,accuracy,101,temperature_bias,88,0.9545454545454546,0.8961038961038961,0.7967545505142611,0.0819683181239717,0.19357671645741492,0.04394810264920893,0.005960987870675452,75,3
entity_resolution,baseline_noul,fixtures,nll,101,raw,88,0.9545454545454546,0.8961038961038961,0.7967545505142611,0.0706386363636364,0.13611530702722924,0.04943181818181815,0.006226813016801555,75,3
entity_resolution,baseline_noul,fixtures,nll,101,temperature,88,0.9545454545454546,0.8961038961038961,0.7967545505142611,0.08370549046422364,0.1994141060167385,0.04440721383469051,0.006226813016801555,75,3
entity_resolution,baseline_noul,fixtures,nll,101,temperature_bias,88,0.9545454545454546,0.8961038961038961,0.7967545505142611,0.08265804326374587,0.1991993904914717,0.044207510987855525,0.006094677710247645,75,3
entity_resolution,fewshot_contract,evaluation,baseline,0,raw,413,0.9878934624697336,0.9761186089812535,0.9526333684567759,0.019945278450363212,0.042687277265939634,0.015423728813559384,0.00031046009866880607,349,4
entity_resolution,fewshot_contract,evaluation,baseline,0,temperature,413,0.9878934624697336,0.9761186089812535,0.9526333684567759,0.01910936177836434,0.03411847139490718,0.011958160089852985,0.00031046009866880607,349,4
entity_resolution,fewshot_contract,evaluation,baseline,0,temperature_bias,413,0.9903147699757869,0.98076564828614,0.9622504486493763,0.019265064609273155,0.03475820831267527,0.008090932902671532,0.00031699845173196,350,4
entity_resolution,fewshot_contract,evaluation,accuracy,17,raw,413,0.9878934624697336,0.9761186089812535,0.9526333684567759,0.020342372881355937,0.04338226242407598,0.01513317191283287,0.00035373249180556784,349,4
entity_resolution,fewshot_contract,evaluation,accuracy,17,temperature,413,0.9878934624697336,0.9761186089812535,0.9526333684567759,0.019778254046870176,0.03569213390392774,0.00817968126881351,0.00035373249180556784,349,4
entity_resolution,fewshot_contract,evaluation,accuracy,17,temperature_bias,413,0.9878934624697336,0.9761186089812535,0.9526333684567759,0.019898396402535157,0.03633794284582169,0.005962673669663927,0.0003663270905079147,349,4
entity_resolution,fewshot_contract,evaluation,nll,17,raw,413,0.9878934624697336,0.9757927436844265,0.9527162387678157,0.019547215496368054,0.04180661654352235,0.013874092009685224,0.0004984194588123586,350,5
entity_resolution,fewshot_contract,evaluation,nll,17,temperature,413,0.9878934624697336,0.9757927436844265,0.9527162387678157,0.01872295812807641,0.03904801251884555,0.00872631919031611,0.0004984194588123586,350,5
entity_resolution,fewshot_contract,evaluation,nll,17,temperature_bias,413,0.9878934624697336,0.9757927436844265,0.9527162387678157,0.019073919616184667,0.039772064566765485,0.008462528805152247,0.0005110140575147054,350,5
entity_resolution,fewshot_contract,evaluation,accuracy,29,raw,413,0.9878934624697336,0.9761186089812535,0.9526333684567759,0.020379176755447957,0.043552959181230866,0.016682808716707062,0.00036674196648969813,349,4
entity_resolution,fewshot_contract,evaluation,accuracy,29,temperature,413,0.9878934624697336,0.9761186089812535,0.9526333684567759,0.019594322009222228,0.03608603535914319,0.00945425736924621,0.00036674196648969813,349,4
entity_resolution,fewshot_contract,evaluation,accuracy,29,temperature_bias,413,0.9878934624697336,0.9757927436844265,0.9527162387678157,0.019728163861284714,0.036676576515634066,0.00881226015243253,0.0003794356056256084,350,5
entity_resolution,fewshot_contract,evaluation,nll,29,raw,413,0.9878934624697336,0.9761186089812535,0.9526333684567759,0.020323970944309936,0.04328498015911815,0.015230024213075087,0.0003597556448057004,349,4
entity_resolution,fewshot_contract,evaluation,nll,29,temperature,413,0.9878934624697336,0.9761186089812535,0.9526333684567759,0.019692712834165155,0.03506757134198602,0.007879602367259866,0.0003597556448057004,349,4
entity_resolution,fewshot_contract,evaluation,nll,29,temperature_bias,413,0.9854721549636803,0.9711484724292101,0.9430054396763887,0.01987770583845495,0.03578524954480711,0.010172077298835715,0.0003656183748445703,349,5
entity_resolution,fewshot_contract,evaluation,accuracy,43,raw,413,0.9903147699757869,0.98076564828614,0.9622504486493763,0.020068765133171927,0.042953357002131314,0.017142857142857088,0.0003484324966497432,350,4
entity_resolution,fewshot_contract,evaluation,accuracy,43,temperature,413,0.9903147699757869,0.98076564828614,0.9622504486493763,0.019195315117272762,0.035398151864529305,0.011126427495726494,0.0003484324966497432,350,4
entity_resolution,fewshot_contract,evaluation,accuracy,43,temperature_bias,413,0.9878934624697336,0.9757927436844265,0.9527162387678157,0.01942819905886328,0.036134833954143554,0.008150510495068243,0.0003665940503966497,350,5
entity_resolution,fewshot_contract,evaluation,nll,43,raw,413,0.9878934624697336,0.9761186089812535,0.9526333684567759,0.020489104116222772,0.04376330537398193,0.01501210653753021,0.0003979291761135716,349,4
entity_resolution,fewshot_contract,evaluation,nll,43,temperature,413,0.9878934624697336,0.9761186089812535,0.9526333684567759,0.019682345034985727,0.03637296702509417,0.009356152238331965,0.0003979291761135716,349,4
entity_resolution,fewshot_contract,evaluation,nll,43,temperature_bias,413,0.9878934624697336,0.9757927436844265,0.9527162387678157,0.01988826520937795,0.03713033896887687,0.005895812014943829,0.00040384924336553553,350,5
entity_resolution,fewshot_contract,evaluation,accuracy,71,raw,413,0.9878934624697336,0.9761186089812535,0.9526333684567759,0.02046198547215497,0.04345369902405066,0.01617433414043588,0.000365386100851464,349,4
entity_resolution,fewshot_contract,evaluation,accuracy,71,temperature,413,0.9878934624697336,0.9761186089812535,0.9526333684567759,0.01988474079635855,0.03599108034452444,0.006221837841565655,0.000365386100851464,349,4
entity_resolution,fewshot_contract,evaluation,accuracy,71,temperature_bias,413,0.9878934624697336,0.9757927436844265,0.9527162387678157,0.02002553835624013,0.03661858301063429,0.0062409461305410075,0.0003657657494280886,350,5
entity_resolution,fewshot_contract,evaluation,nll,71,raw,413,0.9878934624697336,0.9757927436844265,0.9527162387678157,0.01966876513317192,0.04001934541629302,0.008861985472154926,0.000495654512468924,350,5
entity_resolution,fewshot_contract,evaluation,nll,71,temperature,413,0.9878934624697336,0.9757927436844265,0.9527162387678157,0.019219114210637867,0.04006773580613693,0.00761261146956115,0.000495654512468924,350,5
entity_resolution,fewshot_contract,evaluation,nll,71,temperature_bias,413,0.9878934624697336,0.9757927436844265,0.9527162387678157,0.019555518466696054,0.04076981935133692,0.007592231040765168,0.0005015457716077397,350,5
entity_resolution,fewshot_contract,evaluation,accuracy,101,raw,413,0.9878934624697336,0.9761186089812535,0.9526333684567759,0.02072348668280873,0.04384655306762445,0.0169491525423729,0.0003656349544984394,349,4
entity_resolution,fewshot_contract,evaluation,accuracy,101,temperature,413,0.9878934624697336,0.9761186089812535,0.9526333684567759,0.02037079191057473,0.03711471582844364,0.007386461516887963,0.0003656349544984394,349,4
entity_resolution,fewshot_contract,evaluation,accuracy,101,temperature_bias,413,0.9854721549636803,0.9711484724292101,0.9430054396763887,0.020444588179293215,0.037632159083162545,0.008823824657890817,0.0003777705019105043,349,5
entity_resolution,fewshot_contract,evaluation,nll,101,raw,413,0.9878934624697336,0.9761186089812535,0.9526333684567759,0.01978692493946732,0.04281830118965103,0.01525423728813553,0.00032931789871240054,349,4
entity_resolution,fewshot_contract,evaluation,nll,101,temperature,413,0.9878934624697336,0.9761186089812535,0.9526333684567759,0.019080822477915437,0.03457266355900404,0.008947017111764818,0.00032931789871240054,349,4
entity_resolution,fewshot_contract,evaluation,nll,101,temperature_bias,413,0.9903147699757869,0.98076564828614,0.9622504486493763,0.019237959268042087,0.0352025582334671,0.00961076277544223,0.00034199280180054924,350,4
entity_resolution,fewshot_contract,fixtures,baseline,0,raw,88,0.9545454545454546,0.8961038961038961,0.7967545505142611,0.06766818181818195,0.12367622768395813,0.04727272727272736,0.005530934217724665,75,3
entity_resolution,fewshot_contract,fixtures,baseline,0,temperature,88,0.9545454545454546,0.8961038961038961,0.7967545505142611,0.0767529628925512,0.14903419383973776,0.037703882267384387,0.005530934217724665,75,3
entity_resolution,fewshot_contract,fixtures,baseline,0,temperature_bias,88,0.9545454545454546,0.8961038961038961,0.7967545505142611,0.07959224983307163,0.14957264671499998,0.045679556193268966,0.005173002219167667,75,3
entity_resolution,fewshot_contract,fixtures,accuracy,17,raw,88,0.9545454545454546,0.8961038961038961,0.7967545505142611,0.06743409090909104,0.12299990342526591,0.042386363636363715,0.005530934217724665,75,3
entity_resolution,fewshot_contract,fixtures,accuracy,17,temperature,88,0.9545454545454546,0.8961038961038961,0.7967545505142611,0.07596238436168176,0.1451691130955871,0.03733937227096447,0.005530934217724665,75,3
entity_resolution,fewshot_contract,fixtures,accuracy,17,temperature_bias,88,0.9545454545454546,0.8961038961038961,0.7967545505142611,0.07955895144866254,0.14604536514571403,0.04567549392014708,0.004002202662638618,75,3
entity_resolution,fewshot_contract,fixtures,nll,17,raw,88,0.9431818181818182,0.8648233486943164,0.7401402802283915,0.07730000000000015,0.12344158806151119,0.03,0.0033375014761749143,75,4
entity_resolution,fewshot_contract,fixtures,nll,17,temperature,88,0.9431818181818182,0.8648233486943164,0.7401402802283915,0.09243195397812111,0.16097181250474746,0.052556804127680185,0.0033375014761749143,75,4
entity_resolution,fewshot_contract,fixtures,nll,17,temperature_bias,88,0.9318181818181818,0.8307692307692307,0.6806376009740052,0.09503259812252973,0.16255062135226248,0.05337601535368899,0.0031807447547605398,75,5
entity_resolution,fewshot_contract,fixtures,accuracy,29,raw,88,0.9545454545454546,0.8961038961038961,0.7967545505142611,0.06756363636363646,0.1238424607068383,0.03727272727272726,0.005530934217724665,75,3
entity_resolution,fewshot_contract,fixtures,accuracy,29,temperature,88,0.9545454545454546,0.8961038961038961,0.7967545505142611,0.07618763087155687,0.1483720079833781,0.03712638055640967,0.005530934217724665,75,3
entity_resolution,fewshot_contract,fixtures,accuracy,29,temperature_bias,88,0.9545454545454546,0.8961038961038961,0.7967545505142611,0.0791544963019205,0.14892791713091139,0.045162421580072845,0.004826000735802548,75,3
entity_resolution,fewshot_contract,fixtures,nll,29,raw,88,0.9545454545454546,0.8961038961038961,0.7967545505142611,0.06582499999999997,0.12177766618148465,0.03806818181818188,0.005350559037349486,75,3
entity_resolution,fewshot_contract,fixtures,nll,29,temperature,88,0.9545454545454546,0.8961038961038961,0.7967545505142611,0.07345146350527008,0.14067665499541418,0.029518973038757588,0.005350559037349486,75,3
entity_resolution,fewshot_contract,fixtures,nll,29,temperature_bias,88,0.9545454545454546,0.8961038961038961,0.7967545505142611,0.07687280439822772,0.14148931847348903,0.04420959005857143,0.004324591541365525,75,3
entity_resolution,fewshot_contract,fixtures,accuracy,43,raw,88,0.9545454545454546,0.8961038961038961,0.7967545505142611,0.06659545454545451,0.12219244258622383,0.055454545454545486,0.005530934217724665,75,3
entity_resolution,fewshot_contract,fixtures,accuracy,43,temperature,88,0.9545454545454546,0.8961038961038961,0.7967545505142611,0.0749373918488681,0.14526946976584865,0.0439770164167695,0.005530934217724665,75,3
entity_resolution,fewshot_contract,fixtures,accuracy,43,temperature_bias,88,0.9545454545454546,0.8961038961038961,0.7967545505142611,0.07856187850158328,0.14605815453969315,0.045740098332282556,0.004162253879027863,75,3
entity_resolution,fewshot_contract,fixtures,nll,43,raw,88,0.9545454545454546,0.8961038961038961,0.7967545505142611,0.06724545454545466,0.12355026140564927,0.033863636363636346,0.0056678454992142606,75,3
entity_resolution,fewshot_contract,fixtures,nll,43,temperature,88,0.9545454545454546,0.8961038961038961,0.7967545505142611,0.07473646545229044,0.14440370276402725,0.03730742138574102,0.0056678454992142606,75,3
entity_resolution,fewshot_contract,fixtures,nll,43,temperature_bias,88,0.9545454545454546,0.8961038961038961,0.7967545505142611,0.07869176794099324,0.14528769269109001,0.04512852512414196,0.004299165160517458,75,3
entity_resolution,fewshot_contract,fixtures,accuracy,71,raw,88,0.9545454545454546,0.8961038961038961,0.7967545505142611,0.06745909090909102,0.12330607981254847,0.047045454545454536,0.005350559037349486,75,3
entity_resolution,fewshot_contract,fixtures,accuracy,71,temperature,88,0.9545454545454546,0.8961038961038961,0.7967545505142611,0.0762821823273565,0.14764971251656867,0.04459508824736656,0.005350559037349486,75,3
entity_resolution,fewshot_contract,fixtures,accuracy,71,temperature_bias,88,0.9545454545454546,0.8961038961038961,0.7967545505142611,0.07960416578536346,0.14833140295647856,0.04621121776600679,0.004826000735802548,75,3
entity_resolution,fewshot_contract,fixtures,nll,71,raw,88,0.9431818181818182,0.8648233486943164,0.7401402802283915,0.07286136363636378,0.11734809365898678,0.03193181818181822,0.0030516125233555815,75,4
entity_resolution,fewshot_contract,fixtures,nll,71,temperature,88,0.9431818181818182,0.8648233486943164,0.7401402802283915,0.08497619202616945,0.13368109391426478,0.04815934926322586,0.0030516125233555815,75,4
entity_resolution,fewshot_contract,fixtures,nll,71,temperature_bias,88,0.9318181818181818,0.8307692307692307,0.6806376009740052,0.08729264663027815,0.13554546228385742,0.048817450819512095,0.0031807447547605398,75,5
entity_resolution,fewshot_contract,fixtures,accuracy,101,raw,88,0.9545454545454546,0.8961038961038961,0.7967545505142611,0.06574545454545452,0.12099682819925324,0.05568181818181827,0.005530934217724665,75,3
entity_resolution,fewshot_contract,fixtures,accuracy,101,temperature,88,0.9545454545454546,0.8961038961038961,0.7967545505142611,0.07444813375166948,0.1417358800216022,0.044051903261041,0.005530934217724665,75,3
entity_resolution,fewshot_contract,fixtures,accuracy,101,temperature_bias,88,0.9545454545454546,0.8961038961038961,0.7967545505142611,0.07769887740836232,0.1424950259636488,0.045591381058097916,0.004998177044342493,75,3
entity_resolution,fewshot_contract,fixtures,nll,101,raw,88,0.9545454545454546,0.8961038961038961,0.7967545505142611,0.06572272727272727,0.11985503649199579,0.0472727272727273,0.004998177044342493,75,3
entity_resolution,fewshot_contract,fixtures,nll,101,temperature,88,0.9545454545454546,0.8961038961038961,0.7967545505142611,0.0749160250447404,0.14056068553933262,0.03788351417752463,0.004998177044342493,75,3
entity_resolution,fewshot_contract,fixtures,nll,101,temperature_bias,88,0.9545454545454546,0.8961038961038961,0.7967545505142611,0.07810962338346082,0.14138985029135615,0.045567146888320156,0.003844374379810336,75,3
entity_resolution,identity_contract,evaluation,baseline,0,raw,413,0.9830508474576272,0.9674337918060671,0.9349087876690136,0.04385811138014525,0.09126729232325248,0.04694915254237283,0.0018006732277191565,346,3
entity_resolution,identity_contract,evaluation,baseline,0,temperature,413,0.9830508474576272,0.9674337918060671,0.9349087876690136,0.030659220246458112,0.07096744125201121,0.0081014912555145,0.0018006732277191565,346,3
entity_resolution,identity_contract,evaluation,baseline,0,temperature_bias,413,0.9830508474576272,0.9670071326676177,0.9340565182618542,0.025727768095324042,0.05874749498544516,0.010368301744384054,0.0015978815693234985,347,4
entity_resolution,identity_contract,evaluation,accuracy,17,raw,413,0.9854721549636803,0.9707507082152974,0.9431400259846002,0.025642130750605303,0.05709633734988749,0.014987893462469707,0.001948316306403147,350,6
entity_resolution,identity_contract,evaluation,accuracy,17,temperature,413,0.9854721549636803,0.9707507082152974,0.9431400259846002,0.025702660868760215,0.07625090979582437,0.011556000111930595,0.001948316306403147,350,6
entity_resolution,identity_contract,evaluation,accuracy,17,temperature_bias,413,0.9854721549636803,0.9707507082152974,0.9431400259846002,0.02532582992157234,0.07542653968101216,0.011641033953130403,0.0019120947244349337,350,6
entity_resolution,identity_contract,evaluation,nll,17,raw,413,0.9854721549636803,0.9707507082152974,0.9431400259846002,0.025974334140435824,0.05749421587839098,0.014794188861985504,0.0019581212409478573,350,6
entity_resolution,identity_contract,evaluation,nll,17,temperature,413,0.9854721549636803,0.9707507082152974,0.9431400259846002,0.02624974649797338,0.08329885378381047,0.012471559294270873,0.0019581212409478573,350,6
entity_resolution,identity_contract,evaluation,nll,17,temperature_bias,413,0.9854721549636803,0.9707507082152974,0.9431400259846002,0.025946636453472748,0.08279996590710087,0.011979795555906472,0.0019428564562452317,350,6
entity_resolution,identity_contract,evaluation,accuracy,29,raw,413,0.9806295399515739,0.963019340974212,0.9262003228348886,0.04460774818401936,0.092148973127655,0.04467312348668279,0.0018205718403928963,345,3
entity_resolution,identity_contract,evaluation,accuracy,29,temperature,413,0.9806295399515739,0.963019340974212,0.9262003228348886,0.032166450886059,0.07351794529746324,0.00861885799384941,0.0018205718403928963,345,3
entity_resolution,identity_contract,evaluation,accuracy,29,temperature_bias,413,0.9806295399515739,0.9620439297858652,0.9242577904222132,0.02684822068891782,0.06089857315073316,0.011702136809648333,0.001608610242412901,347,5
entity_resolution,identity_contract,evaluation,nll,29,raw,413,0.9878934624697336,0.9757927436844265,0.9527162387678157,0.023608232445520586,0.05454604478742701,0.01106537530266351,0.0023681484306183544,350,5
entity_resolution,identity_contract,evaluation,nll,29,temperature,413,0.9878934624697336,0.9757927436844265,0.9527162387678157,0.022855043259389935,0.06368435605522806,0.008653527769485818,0.0023681484306183544,350,5
entity_resolution,identity_contract,evaluation,nll,29,temperature_bias,413,0.9878934624697336,0.9757927436844265,0.9527162387678157,0.023175365033197358,0.06415421382047731,0.009709556825149653,0.0023889027492031423,350,5
entity_resolution,identity_contract,evaluation,accuracy,43,raw,413,0.9903147699757869,0.98076564828614,0.9622504486493763,0.021225665859564178,0.04875389867771323,0.016731234866828138,0.0012268266132216717,350,4
entity_resolution,identity_contract,evaluation,accuracy,43,temperature,413,0.9903147699757869,0.98076564828614,0.9622504486493763,0.0194127301805865,0.05308018172071059,0.007613238147685621,0.0012268266132216717,350,4
entity_resolution,identity_contract,evaluation,accuracy,43,temperature_bias,413,0.9878934624697336,0.9757927436844265,0.9527162387678157,0.019734980718876263,0.05334758761169219,0.008754251115745279,0.0012326893432605417,350,5
entity_resolution,identity_contract,evaluation,nll,43,raw,413,0.9903147699757869,0.98076564828614,0.9622504486493763,0.021067312348668283,0.048529431235998545,0.01651331719128335,0.0012064477753504037,350,4
entity_resolution,identity_contract,evaluation,nll,43,temperature,413,0.9903147699757869,0.98076564828614,0.9622504486493763,0.019034077197441684,0.05201191203124288,0.008276742189254858,0.0012064477753504037,350,4
entity_resolution,identity_contract,evaluation,nll,43,temperature_bias,413,0.9903147699757869,0.98076564828614,0.9622504486493763,0.0192958892210003,0.05224686587349563,0.009279062606825653,0.0012064477753504037,350,4
entity_resolution,identity_contract,evaluation,accuracy,71,raw,413,0.9878934624697336,0.9757927436844265,0.9527162387678157,0.021935108958837782,0.047924757225413867,0.01791767554479419,0.0008558035419989479,350,5
entity_resolution,identity_contract,evaluation,accuracy,71,temperature,413,0.9878934624697336,0.9757927436844265,0.9527162387678157,0.020341423299201526,0.050897680194809766,0.011024411596563694,0.0008558035419989479,350,5
entity_resolution,identity_contract,evaluation,accuracy,71,temperature_bias,413,0.9878934624697336,0.9757927436844265,0.9527162387678157,0.02061455369670196,0.05110560617834209,0.011538809308035566,0.0008617673535902121,350,5
entity_resolution,identity_contract,evaluation,nll,71,raw,413,0.9878934624697336,0.9757927436844265,0.9527162387678157,0.022487651331719146,0.04926416157899495,0.014406779661016944,0.0011821466379136622,350,5
entity_resolution,identity_contract,evaluation,nll,71,temperature,413,0.9878934624697336,0.9757927436844265,0.9527162387678157,0.02080633394105171,0.05458018894862906,0.011296708837174362,0.0011821466379136622,350,5
entity_resolution,identity_contract,evaluation,nll,71,temperature_bias,413,0.9878934624697336,0.9757927436844265,0.9527162387678157,0.021153811942399445,0.05470022986180994,0.011344154063832093,0.0011886380789486576,350,5
entity_resolution,identity_contract,evaluation,accuracy,101,raw,413,0.9854721549636803,0.9711484724292101,0.9430054396763887,0.021592251815980613,0.048611512527632114,0.02179176755447946,0.0007119005642401799,349,5
entity_resolution,identity_contract,evaluation,accuracy,101,temperature,413,0.9854721549636803,0.9711484724292101,0.9430054396763887,0.01966291493116101,0.04187411129494973,0.00983217997098354,0.0007119005642401799,349,5
entity_resolution,identity_contract,evaluation,accuracy,101,temperature_bias,413,0.9854721549636803,0.9711484724292101,0.9430054396763887,0.019908051894385603,0.042271692303169135,0.010779439182051882,0.0007181250051297769,349,5
entity_resolution,identity_contract,evaluation,nll,101,raw,413,0.9903147699757869,0.9810219648929326,0.9622189527159205,0.021306053268765113,0.048433352581106065,0.021186440677966174,0.0007045028325882017,349,3
entity_resolution,identity_contract,evaluation,nll,101,temperature,413,0.9903147699757869,0.9810219648929326,0.9622189527159205,0.018506303369308592,0.04246294741700465,0.008377601828382828,0.0007045028325882017,349,3
entity_resolution,identity_contract,evaluation,nll,101,temperature_bias,413,0.9854721549636803,0.9711484724292101,0.9430054396763887,0.018647738469826175,0.04276646569983172,0.010779585217646093,0.000728282057494471,349,5
entity_resolution,identity_contract,fixtures,baseline,0,raw,88,0.9545454545454546,0.8961038961038961,0.7967545505142611,0.061386363636363635,0.11582110535839024,0.016136363636363702,0.0062189001318022075,75,3
entity_resolution,identity_contract,fixtures,baseline,0,temperature,88,0.9545454545454546,0.8961038961038961,0.7967545505142611,0.06817001067087197,0.2519541220617075,0.03603693788061001,0.0062189001318022075,75,3
entity_resolution,identity_contract,fixtures,baseline,0,temperature_bias,88,0.9431818181818182,0.8648233486943164,0.7401402802283915,0.08401275033634664,0.22479646497206074,0.05056286515280428,0.004428297391922417,75,4
entity_resolution,identity_contract,fixtures,accuracy,17,raw,88,0.9431818181818182,0.8648233486943164,0.7401402802283915,0.07843181818181823,0.12049211178469178,0.03181818181818187,0.0036217700531264176,75,4
entity_resolution,identity_contract,fixtures,accuracy,17,temperature,88,0.9431818181818182,0.8648233486943164,0.7401402802283915,0.1002449450686062,0.244439303190053,0.05483385470194726,0.0036217700531264176,75,4
entity_resolution,identity_contract,fixtures,accuracy,17,temperature_bias,88,0.9431818181818182,0.8648233486943164,0.7401402802283915,0.09876709773159888,0.24392428381537948,0.05021795911740444,0.0036387332362338015,75,4
entity_resolution,identity_contract,fixtures,nll,17,raw,88,0.9431818181818182,0.8648233486943164,0.7401402802283915,0.07888409090909097,0.12402339013796068,0.03988636363636361,0.0036217700531264176,75,4
entity_resolution,identity_contract,fixtures,nll,17,temperature,88,0.9431818181818182,0.8648233486943164,0.7401402802283915,0.10147675934428889,0.2749340863433941,0.05527971171516349,0.0036217700531264176,75,4
entity_resolution,identity_contract,fixtures,nll,17,temperature_bias,88,0.9431818181818182,0.8648233486943164,0.7401402802283915,0.10032782921705419,0.27532005338813453,0.05071156211708122,0.003918871277261135,75,4
entity_resolution,identity_contract,fixtures,accuracy,29,raw,88,0.9545454545454546,0.8961038961038961,0.7967545505142611,0.0622409090909091,0.11660631576676406,0.01659090909090906,0.006621184251191591,75,3
entity_resolution,identity_contract,fixtures,accuracy,29,temperature,88,0.9545454545454546,0.8961038961038961,0.7967545505142611,0.07141824591304761,0.25770785160284343,0.04049635614838898,0.006621184251191591,75,3
entity_resolution,identity_contract,fixtures,accuracy,29,temperature_bias,88,0.9431818181818182,0.8648233486943164,0.7401402802283915,0.08615320215859562,0.23124905265950266,0.051238954050492475,0.004110417892704889,75,4
entity_resolution,identity_contract,fixtures,nll,29,raw,88,0.9431818181818182,0.8648233486943164,0.7401402802283915,0.0809977272727273,0.14140351999626635,0.03852272727272734,0.005201310474029338,75,4
entity_resolution,identity_contract,fixtures,nll,29,temperature,88,0.9431818181818182,0.8648233486943164,0.7401402802283915,0.09213440814923611,0.22601053436868487,0.051030788929704085,0.005201310474029338,75,4
entity_resolution,identity_contract,fixtures,nll,29,temperature_bias,88,0.9431818181818182,0.8648233486943164,0.7401402802283915,0.09428762886686591,0.22536986197123318,0.045934643848638976,0.00421534311108929,75,4
entity_resolution,identity_contract,fixtures,accuracy,43,raw,88,0.9431818181818182,0.8648233486943164,0.7401402802283915,0.07722727272727276,0.13116289154774938,0.03681818181818188,0.005927594240546074,75,4
entity_resolution,identity_contract,fixtures,accuracy,43,temperature,88,0.9431818181818182,0.8648233486943164,0.7401402802283915,0.09829416331932693,0.2613455809770458,0.050027957465550416,0.005927594240546074,75,4
entity_resolution,identity_contract,fixtures,accuracy,43,temperature_bias,88,0.9431818181818182,0.8648233486943164,0.7401402802283915,0.09984754990774608,0.2592576527461039,0.055256371377031564,0.004398862685460026,75,4
entity_resolution,identity_contract,fixtures,nll,43,raw,88,0.9431818181818182,0.8648233486943164,0.7401402802283915,0.07615000000000004,0.13112419666901828,0.036136363636363626,0.00629716781873943,75,4
entity_resolution,identity_contract,fixtures,nll,43,temperature,88,0.9431818181818182,0.8648233486943164,0.7401402802283915,0.09562781161786216,0.25468737574595757,0.04959232157751178,0.00629716781873943,75,4
entity_resolution,identity_contract,fixtures,nll,43,temperature_bias,88,0.9431818181818182,0.8648233486943164,0.7401402802283915,0.09733203890081112,0.2526273627391092,0.05424238991945412,0.004398862685460026,75,4
entity_resolution,identity_contract,fixtures,accuracy,71,raw,88,0.9431818181818182,0.8648233486943164,0.7401402802283915,0.08728636363636369,0.13670059742158622,0.04704545454545453,0.00434505203703894,75,4
entity_resolution,identity_contract,fixtures,accuracy,71,temperature,88,0.9431818181818182,0.8648233486943164,0.7401402802283915,0.10950658241866501,0.2657048472116579,0.05911758857668839,0.00434505203703894,75,4
entity_resolution,identity_contract,fixtures,accuracy,71,temperature_bias,88,0.9431818181818182,0.8648233486943164,0.7401402802283915,0.11110152202949167,0.262856050119968,0.059715892243815794,0.0041955305059384615,75,4
entity_resolution,identity_contract,fixtures,nll,71,raw,88,0.9431818181818182,0.8648233486943164,0.7401402802283915,0.08776590909090914,0.14287996516165105,0.0426136363636363,0.004677735423682359,75,4
entity_resolution,identity_contract,fixtures,nll,71,temperature,88,0.9431818181818182,0.8648233486943164,0.7401402802283915,0.10840286984867865,0.28247641859714895,0.057850712847931134,0.004677735423682359,75,4
entity_resolution,identity_contract,fixtures,nll,71,temperature_bias,88,0.9431818181818182,0.8648233486943164,0.7401402802283915,0.10964420051577523,0.27862398764602153,0.05834766455011323,0.004946706648535936,75,4
entity_resolution,identity_contract,fixtures,accuracy,101,raw,88,0.9545454545454546,0.8961038961038961,0.7967545505142611,0.06917727272727268,0.144708320851461,0.04386363636363634,0.01277862501426094,75,3
entity_resolution,identity_contract,fixtures,accuracy,101,temperature,88,0.9545454545454546,0.8961038961038961,0.7967545505142611,0.06667292365136904,0.16273829943491835,0.026055872861583076,0.01277862501426094,75,3
entity_resolution,identity_contract,fixtures,accuracy,101,temperature_bias,88,0.9545454545454546,0.8961038961038961,0.7967545505142611,0.07382980277604327,0.16078840427800717,0.04060161605313069,0.008941450433378302,75,3
entity_resolution,identity_contract,fixtures,nll,101,raw,88,0.9545454545454546,0.8961038961038961,0.7967545505142611,0.06851363636363629,0.14437983676982533,0.04431818181818177,0.01460386864661032,75,3
entity_resolution,identity_contract,fixtures,nll,101,temperature,88,0.9545454545454546,0.8961038961038961,0.7967545505142611,0.06620706334616056,0.1674909071740397,0.036565989017344515,0.01460386864661032,75,3
entity_resolution,identity_contract,fixtures,nll,101,temperature_bias,88,0.9431818181818182,0.8648233486943164,0.7401402802283915,0.07296331687563139,0.1661659907602946,0.041636170994686694,0.008928537210237807,75,4
entity_resolution,identity_noul,evaluation,baseline,0,raw,413,0.9782082324455206,0.958129160893515,0.9162989298847789,0.07307215496368047,0.15111421349082982,0.0979176755447942,0.0017380342338805402,345,4
entity_resolution,identity_noul,evaluation,baseline,0,temperature,413,0.9782082324455206,0.958129160893515,0.9162989298847789,0.03698842937027391,0.07261392671063052,0.01060538521256471,0.0017448091068573003,345,4
entity_resolution,identity_noul,evaluation,baseline,0,temperature_bias,413,0.9854721549636803,0.971532947339399,0.9432383715690669,0.024892543862264842,0.05043881582921239,0.007979742428605186,0.001255288618352763,348,4
entity_resolution,identity_noul,evaluation,accuracy,17,raw,413,0.9830508474576272,0.9656377402446127,0.9335200560186732,0.03803389830508458,0.10130185744999595,0.06184019370460049,0.0016311809372021233,350,7
entity_resolution,identity_noul,evaluation,accuracy,17,temperature,413,0.9830508474576272,0.9656377402446127,0.9335200560186732,0.028541052205407418,0.06730179808762946,0.01312575301878982,0.0016311809372021233,350,7
entity_resolution,identity_noul,evaluation,accuracy,17,temperature_bias,413,0.9830508474576272,0.9656377402446127,0.9335200560186732,0.02885861894080223,0.06792590795974415,0.012218640897456983,0.0016637328045986783,350,7
entity_resolution,identity_noul,evaluation,nll,17,raw,413,0.9878934624697336,0.9757927436844265,0.9527162387678157,0.03008329297820817,0.08259466523838571,0.051961259079903184,0.0010470622649757047,350,5
entity_resolution,identity_noul,evaluation,nll,17,temperature,413,0.9878934624697336,0.9757927436844265,0.9527162387678157,0.02261199740228723,0.05188120388575361,0.007945196719920848,0.0010470622649757047,350,5
entity_resolution,identity_noul,evaluation,nll,17,temperature_bias,413,0.9878934624697336,0.9757927436844265,0.9527162387678157,0.02339316308255663,0.05329456905348899,0.006792270064769481,0.0010944707733459365,350,5
entity_resolution,identity_noul,evaluation,accuracy,29,raw,413,0.9806295399515739,0.9625396825396826,0.9250793650793651,0.07835544794188855,0.16734193233374614,0.11699757869249397,0.0013615270665528684,346,4
entity_resolution,identity_noul,evaluation,accuracy,29,temperature,413,0.9806295399515739,0.9625396825396826,0.9250793650793651,0.030537098076945816,0.05986631625107978,0.0060686661336281315,0.0013615270665528684,346,4
entity_resolution,identity_noul,evaluation,accuracy,29,temperature_bias,413,0.9854721549636803,0.971532947339399,0.9432383715690669,0.022972812655579638,0.04785034808751358,0.007612510332733232,0.0011618038721552513,348,4
entity_resolution,identity_noul,evaluation,nll,29,raw,413,0.9878934624697336,0.9761186089812535,0.9526333684567759,0.04727457627118636,0.11792169271450477,0.0841162227602906,0.00100266022570067,349,4
entity_resolution,identity_noul,evaluation,nll,29,temperature,413,0.9878934624697336,0.9761186089812535,0.9526333684567759,0.021314071573970358,0.05016331101230031,0.010667035420183284,0.00100266022570067,349,4
entity_resolution,identity_noul,evaluation,nll,29,temperature_bias,413,0.9903147699757869,0.98076564828614,0.9622504486493763,0.021279926113302188,0.04974978709540638,0.010533624776650829,0.0010092304173361492,350,4
entity_resolution,identity_noul,evaluation,accuracy,43,raw,413,0.9878934624697336,0.9757927436844265,0.9527162387678157,0.04335593220338967,0.11238316506316157,0.07845036319612586,0.0014945816345609698,350,5
entity_resolution,identity_noul,evaluation,accuracy,43,temperature,413,0.9878934624697336,0.9757927436844265,0.9527162387678157,0.020979579544740373,0.054262792447198005,0.008077633777052246,0.0014945816345609698,350,5
entity_resolution,identity_noul,evaluation,accuracy,43,temperature_bias,413,0.9878934624697336,0.9757927436844265,0.9527162387678157,0.021361560311369127,0.05448455335576021,0.0062957858461817,0.001522413329865679,350,5
entity_resolution,identity_noul,evaluation,nll,43,raw,413,0.9878934624697336,0.9757927436844265,0.9527162387678157,0.04306489104116209,0.11211400159614025,0.07818401937045999,0.0015160075703633264,350,5
entity_resolution,identity_noul,evaluation,nll,43,temperature,413,0.9878934624697336,0.9757927436844265,0.9527162387678157,0.020448294062198176,0.0527991194817935,0.007627859548764567,0.0015160075703633264,350,5
entity_resolution,identity_noul,evaluation,nll,43,temperature_bias,413,0.9878934624697336,0.9757927436844265,0.9527162387678157,0.02086642086053028,0.05303271361956688,0.007462596677148851,0.001549976823696674,350,5
entity_resolution,identity_noul,evaluation,accuracy,71,raw,413,0.9878934624697336,0.9757927436844265,0.9527162387678157,0.043905569007263806,0.1130775563327919,0.08026634382566589,0.0008320844390683477,350,5
entity_resolution,identity_noul,evaluation,accuracy,71,temperature,413,0.9878934624697336,0.9757927436844265,0.9527162387678157,0.021108581964884857,0.048128523181223216,0.010458972092964633,0.0008320844390683477,350,5
entity_resolution,identity_noul,evaluation,accuracy,71,temperature_bias,413,0.9878934624697336,0.9757927436844265,0.9527162387678157,0.02148266606314646,0.048563213232575626,0.009358923120311892,0.0008646026410927457,350,5
entity_resolution,identity_noul,evaluation,nll,71,raw,413,0.9903147699757869,0.98076564828614,0.9622504486493763,0.04425714285714273,0.11377609718337957,0.08278450363196121,0.0011221806472809773,350,4
entity_resolution,identity_noul,evaluation,nll,71,temperature,413,0.9903147699757869,0.98076564828614,0.9622504486493763,0.020757535705463254,0.05051110294759962,0.010186420402218,0.0011221806472809773,350,4
entity_resolution,identity_noul,evaluation,nll,71,temperature_bias,413,0.9878934624697336,0.9757927436844265,0.9527162387678157,0.021219879704576856,0.05072865384686834,0.010168004425697163,0.0011403790507691464,350,5
entity_resolution,identity_noul,evaluation,accuracy,101,raw,413,0.9903147699757869,0.98076564828614,0.9622504486493763,0.044107021791767426,0.11491233361035612,0.08394673123486679,0.0012376140078552472,350,4
entity_resolution,identity_noul,evaluation,accuracy,101,temperature,413,0.9903147699757869,0.98076564828614,0.9622504486493763,0.019505447553306784,0.04857373373249877,0.006965789751184544,0.0012376140078552472,350,4
entity_resolution,identity_noul,evaluation,accuracy,101,temperature_bias,413,0.9903147699757869,0.98076564828614,0.9622504486493763,0.01992779233342444,0.04878674798455164,0.006929452701032351,0.001286950000705981,350,4
entity_resolution,identity_noul,evaluation,nll,101,raw,413,0.9903147699757869,0.98076564828614,0.9622504486493763,0.04373510895883764,0.11436881370356869,0.08384987893462473,0.0011963469295852478,350,4
entity_resolution,identity_noul,evaluation,nll,101,temperature,413,0.9903147699757869,0.98076564828614,0.9622504486493763,0.0185064169928032,0.04700993745143298,0.00711539877606369,0.0011963469295852478,350,4
entity_resolution,identity_noul,evaluation,nll,101,temperature_bias,413,0.9903147699757869,0.98076564828614,0.9622504486493763,0.01895063489199304,0.0472086621786188,0.008788786686434954,0.001250355341520052,350,4
entity_resolution,identity_noul,fixtures,baseline,0,raw,88,0.9772727272727273,0.9517543859649122,0.9035087719298246,0.0636136363636363,0.13834389249445578,0.06409090909090907,0.0057603346124892344,75,1
entity_resolution,identity_noul,fixtures,baseline,0,temperature,88,0.9772727272727273,0.9517543859649122,0.9035087719298246,0.04857622124686464,0.20546423371483755,0.028811875663965085,0.0057603346124892344,75,1
entity_resolution,identity_noul,fixtures,baseline,0,temperature_bias,88,0.9431818181818182,0.8648233486943164,0.7401402802283915,0.07248275225076813,0.16802731607751714,0.045918157481597506,0.00495990894214319,75,4
entity_resolution,identity_noul,fixtures,accuracy,17,raw,88,0.9431818181818182,0.8648233486943164,0.7401402802283915,0.07016818181818185,0.13602471761650967,0.05363636363636365,0.005986707812807173,75,4
entity_resolution,identity_noul,fixtures,accuracy,17,temperature,88,0.9431818181818182,0.8648233486943164,0.7401402802283915,0.0795659531313932,0.18210902009445268,0.04319164736909137,0.006172996933522523,75,4
entity_resolution,identity_noul,fixtures,accuracy,17,temperature_bias,88,0.9431818181818182,0.8648233486943164,0.7401402802283915,0.08064112735910602,0.1823499684548729,0.043442387465949445,0.005986707812807173,75,4
entity_resolution,identity_noul,fixtures,nll,17,raw,88,0.9545454545454546,0.8961038961038961,0.7967545505142611,0.07303409090909092,0.16735878982671523,0.09079545454545455,0.010640070681414922,75,3
entity_resolution,identity_noul,fixtures,nll,17,temperature,88,0.9545454545454546,0.8961038961038961,0.7967545505142611,0.05983672244855273,0.12421670378432896,0.018478181129621622,0.010640070681414922,75,3
entity_resolution,identity_noul,fixtures,nll,17,temperature_bias,88,0.9545454545454546,0.8961038961038961,0.7967545505142611,0.06434356395582486,0.12527406734391222,0.02354309208736039,0.008016262024951641,75,3
entity_resolution,identity_noul,fixtures,accuracy,29,raw,88,0.9659090909090909,0.9300662251655629,0.8611053792272192,0.1738568181818181,0.3327433364983019,0.22602272727272726,0.032473028427933315,74,1
entity_resolution,identity_noul,fixtures,accuracy,29,temperature,88,0.9659090909090909,0.9300662251655629,0.8611053792272192,0.057107670012854196,0.2121056915793315,0.03715129094218893,0.032473028427933315,74,1
entity_resolution,identity_noul,fixtures,accuracy,29,temperature_bias,88,0.9772727272727273,0.9517543859649122,0.9035087719298246,0.050452848708452215,0.15376696774847506,0.023382588475911997,0.021489315782298415,75,1
entity_resolution,identity_noul,fixtures,nll,29,raw,88,0.9772727272727273,0.9517543859649122,0.9035087719298246,0.15211590909090905,0.30212914808910063,0.20670454545454547,0.03249191797808243,75,1
entity_resolution,identity_noul,fixtures,nll,29,temperature,88,0.9772727272727273,0.9517543859649122,0.9035087719298246,0.05668360080968172,0.1846401232879686,0.02383097294693202,0.03249191797808243,75,1
entity_resolution,identity_noul,fixtures,nll,29,temperature_bias,88,0.9772727272727273,0.9517543859649122,0.9035087719298246,0.05847188823302369,0.170891309462549,0.028878462592642963,0.026431812959644082,75,1
entity_resolution,identity_noul,fixtures,accuracy,43,raw,88,0.9659090909090909,0.9249786871270247,0.8510644963469901,0.10358181818181818,0.23176915994578906,0.13863636363636364,0.02201936272735685,75,2
entity_resolution,identity_noul,fixtures,accuracy,43,temperature,88,0.9659090909090909,0.9249786871270247,0.8510644963469901,0.050353439891254154,0.16093808942158994,0.027397740900605583,0.023840458298452417,75,2
entity_resolution,identity_noul,fixtures,accuracy,43,temperature_bias,88,0.9659090909090909,0.9249786871270247,0.8510644963469901,0.05354908627207097,0.15620206856511132,0.018373059567089456,0.022154644112638233,75,2
entity_resolution,identity_noul,fixtures,nll,43,raw,88,0.9659090909090909,0.9249786871270247,0.8510644963469901,0.10331590909090908,0.23003222073580404,0.1428409090909091,0.021207674415668534,75,2
entity_resolution,identity_noul,fixtures,nll,43,temperature,88,0.9659090909090909,0.9249786871270247,0.8510644963469901,0.04931424464403991,0.14954879429020182,0.022564811816933483,0.021207674415668534,75,2
entity_resolution,identity_noul,fixtures,nll,43,temperature_bias,88,0.9659090909090909,0.9249786871270247,0.8510644963469901,0.05377874944379343,0.14521490701140805,0.020463098889189152,0.018706006951399654,75,2
entity_resolution,identity_noul,fixtures,accuracy,71,raw,88,0.9772727272727273,0.9517543859649122,0.9035087719298246,0.1101840909090909,0.2413064690834112,0.16079545454545455,0.021213823569544963,75,1
entity_resolution,identity_noul,fixtures,accuracy,71,temperature,88,0.9772727272727273,0.9517543859649122,0.9035087719298246,0.051313115428640706,0.15120330288893127,0.026033422902468725,0.021213823569544963,75,1
entity_resolution,identity_noul,fixtures,accuracy,71,temperature_bias,88,0.9659090909090909,0.9249786871270247,0.8510644963469901,0.05530215849725026,0.1455197883353474,0.0209323735510715,0.017409122498889065,75,2
entity_resolution,identity_noul,fixtures,nll,71,raw,88,0.9772727272727273,0.9517543859649122,0.9035087719298246,0.11131363636363639,0.243009497592951,0.16204545454545455,0.021213823569544963,75,1
entity_resolution,identity_noul,fixtures,nll,71,temperature,88,0.9772727272727273,0.9517543859649122,0.9035087719298246,0.053401470856438496,0.15331141914760196,0.026445843126643782,0.021213823569544963,75,1
entity_resolution,identity_noul,fixtures,nll,71,temperature_bias,88,0.9545454545454546,0.8961038961038961,0.7967545505142611,0.058312926376421576,0.14776552992401065,0.032587009340423585,0.017805782521710473,75,3
entity_resolution,identity_noul,fixtures,accuracy,101,raw,88,0.9659090909090909,0.9300662251655629,0.8611053792272192,0.20091136363636355,0.36168699410130745,0.2444318181818182,0.033736939964040036,74,1
entity_resolution,identity_noul,fixtures,accuracy,101,temperature,88,0.9659090909090909,0.9300662251655629,0.8611053792272192,0.0847755846372064,0.2255640792059773,0.049648207912410286,0.033736939964040036,74,1
entity_resolution,identity_noul,fixtures,accuracy,101,temperature_bias,88,0.9772727272727273,0.9517543859649122,0.9035087719298246,0.07753209010185877,0.2041956681356434,0.055058604538746975,0.033360887607682604,75,1
entity_resolution,identity_noul,fixtures,nll,101,raw,88,0.9545454545454546,0.9097435897435897,0.8230243607705242,0.2010295454545454,0.36261950143886396,0.23488636363636364,0.0342534369856625,73,1
entity_resolution,identity_noul,fixtures,nll,101,temperature,88,0.9545454545454546,0.9097435897435897,0.8230243607705242,0.08774036891159073,0.23385467756525832,0.03504317169261558,0.0342534369856625,73,1
entity_resolution,identity_noul,fixtures,nll,101,temperature_bias,88,0.9545454545454546,0.9097435897435897,0.8230243607705242,0.0801948783268127,0.21206276018303527,0.03181263182007491,0.033600247049318896,73,1
relation_support,baseline_choice,evaluation,baseline,0,raw,339,0.8436578171091446,0.8423131497243848,0.7612341505672019,0.23219573091542334,1.3231413025028838,0.07349393641429036,0.059930374958329674,184,38
relation_support,baseline_choice,evaluation,baseline,0,temperature,339,0.8436578171091446,0.8423131497243848,0.7612341505672019,0.3032179697549703,0.5634773364387113,0.15612154427386538,0.06079793512570518,184,38
relation_support,baseline_choice,evaluation,baseline,0,temperature_bias,339,0.8112094395280236,0.7831364763738294,0.705945501650368,0.2946091198955134,0.5332012930155925,0.09605203502786183,0.0737428928167852,164,37
relation_support,baseline_choice,evaluation,accuracy,17,raw,339,0.8407079646017699,0.8396845549915847,0.7568000444057058,0.23414926253687318,1.236302452193404,0.07628318584070795,0.058841611068783044,184,39
relation_support,baseline_choice,evaluation,accuracy,17,temperature,339,0.8407079646017699,0.8396845549915847,0.7568000444057058,0.294712157578316,0.5432988010919957,0.1453875734723118,0.059779843872945444,184,39
relation_support,baseline_choice,evaluation,accuracy,17,temperature_bias,339,0.8082595870206489,0.7834564118948176,0.7007709605459921,0.2839601922999777,0.5130947532912473,0.0915974638064697,0.06641192195374201,162,36
relation_support,baseline_choice,evaluation,nll,17,raw,339,0.8495575221238938,0.8470376671592789,0.7696812958100414,0.23239186309024507,1.232897145926096,0.06898960102499925,0.060325596738838645,185,37
relation_support,baseline_choice,evaluation,nll,17,temperature,339,0.8466076696165191,0.8436469069913534,0.7655714807455078,0.2951610751041931,0.5422723259976852,0.15191997205396546,0.06152084640981861,185,38
relation_support,baseline_choice,evaluation,nll,17,temperature_bias,339,0.8230088495575221,0.8000326574409397,0.7240717203330014,0.28198386424061583,0.5106548013700278,0.10950842988522941,0.06377862716552482,166,33
relation_support,baseline_choice,evaluation,accuracy,29,raw,339,0.8466076696165191,0.8449364613880744,0.7656860967317252,0.23266308482759726,1.235211342924923,0.0713032984714401,0.05826711195958644,184,37
relation_support,baseline_choice,evaluation,accuracy,29,temperature,339,0.8466076696165191,0.8449364613880744,0.7656860967317252,0.29447207007827725,0.5437808931553855,0.15141903475081742,0.05791090692032077,184,37
relation_support,baseline_choice,evaluation,accuracy,29,temperature_bias,339,0.8171091445427728,0.7953872256143072,0.714714544005942,0.2812666137028196,0.511336035753996,0.09822444148890763,0.07178016179331471,163,31
relation_support,baseline_choice,evaluation,nll,29,raw,339,0.8466076696165191,0.8440556144691881,0.7662478787783723,0.2324117994100294,1.321342480633107,0.07153392330383483,0.06194787178248315,185,38
relation_support,baseline_choice,evaluation,nll,29,temperature,339,0.8466076696165191,0.8440556144691881,0.7662478787783723,0.2980102808608112,0.557016527325755,0.15732546799811,0.06218878791635245,185,38
relation_support,baseline_choice,evaluation,nll,29,temperature_bias,339,0.8112094395280236,0.7896574343309739,0.7050068438042786,0.28536529394085214,0.5234756698077049,0.10541014487867795,0.06462083676342954,163,36
relation_support,baseline_choice,evaluation,accuracy,43,raw,339,0.8407079646017699,0.8389301284317191,0.7571549382908913,0.23273404008199758,1.3217787287674128,0.07509966925896125,0.06414611542914597,184,39
relation_support,baseline_choice,evaluation,accuracy,43,temperature,339,0.8407079646017699,0.8389301284317191,0.7571549382908913,0.3014281021359286,0.5564621584892583,0.15771590516071515,0.0649658412864552,184,39
relation_support,baseline_choice,evaluation,accuracy,43,temperature_bias,339,0.8171091445427728,0.7909413000340614,0.7145294435821071,0.29038377943064725,0.5251462185692725,0.11550966315674521,0.06766586925657021,165,36
relation_support,baseline_choice,evaluation,nll,43,raw,339,0.8436578171091446,0.8411685850409012,0.760892414483271,0.23263058251535948,1.3223600054596567,0.07276362444504039,0.06281649291503207,184,38
relation_support,baseline_choice,evaluation,nll,43,temperature,339,0.8436578171091446,0.8411685850409012,0.760892414483271,0.3012031981332255,0.5597445576110707,0.15833712844874023,0.06435161328758297,184,38
relation_support,baseline_choice,evaluation,nll,43,temperature_bias,339,0.8082595870206489,0.7799445704207608,0.7008110910967865,0.2917449308555629,0.5296673716681489,0.1019894864120173,0.07038382426323027,162,37
relation_support,baseline_choice,evaluation,accuracy,71,raw,339,0.8466076696165191,0.8448013209606883,0.7658995217879446,0.23138794602561463,1.2345560140653322,0.07073567533744521,0.058744377638490615,185,38
relation_support,baseline_choice,evaluation,accuracy,71,temperature,339,0.8466076696165191,0.8448013209606883,0.7658995217879446,0.2929384883482277,0.5434444335477631,0.1503929194636524,0.058478846302538114,185,38
relation_support,baseline_choice,evaluation,accuracy,71,temperature_bias,339,0.8112094395280236,0.7906639492500304,0.7052070197025935,0.27859307771615205,0.5110944557050696,0.10218489860410301,0.07000061515485671,162,33
relation_support,baseline_choice,evaluation,nll,71,raw,339,0.8466076696165191,0.8439273232849875,0.7651852515125267,0.2339649790115331,1.3236387148350066,0.07108578409463362,0.06233977568661437,183,36
relation_support,baseline_choice,evaluation,nll,71,temperature,339,0.8466076696165191,0.8439273232849875,0.7651852515125267,0.29966172174084116,0.5592111362066098,0.15884474469805426,0.06327726883514809,183,36
relation_support,baseline_choice,evaluation,nll,71,temperature_bias,339,0.8141592920353983,0.7896547788798186,0.7098714723366262,0.28713935449944433,0.5254424534353996,0.10445461815099975,0.06781653412661932,163,35
relation_support,baseline_choice,evaluation,accuracy,101,raw,339,0.8436578171091446,0.8424442609934282,0.7610639936201823,0.23340943952802368,1.3213378506523206,0.07268436578171092,0.0624624534385542,183,37
relation_support,baseline_choice,evaluation,accuracy,101,temperature,339,0.8436578171091446,0.8424442609934282,0.7610639936201823,0.30278919022625883,0.5660424649761775,0.16111856116120957,0.06422678462181203,183,37
relation_support,baseline_choice,evaluation,accuracy,101,temperature_bias,339,0.8023598820058997,0.7750472377812541,0.6916812633497684,0.29558202666189165,0.5358425572797534,0.0997012439179506,0.07244365885953204,163,40
relation_support,baseline_choice,evaluation,nll,101,raw,339,0.8466076696165191,0.8449364613880744,0.7656860967317252,0.23321490191687747,1.2346529093248573,0.07034861893268973,0.05933988947391572,184,37
relation_support,baseline_choice,evaluation,nll,101,temperature,339,0.8466076696165191,0.8449364613880744,0.7656860967317252,0.2971496334207349,0.5454315418113204,0.15501958871590232,0.05912217431108482,184,37
relation_support,baseline_choice,evaluation,nll,101,temperature_bias,339,0.8112094395280236,0.7831364763738294,0.705945501650368,0.2883034740632172,0.5177593171503335,0.09976919530009093,0.06765957666167138,164,37
relation_support,baseline_choice,fixtures,baseline,0,raw,50,0.92,0.9212962962962963,0.886620694933573,0.131876,0.24906675926962177,0.06439999999999997,0.020863197717963362,30,4
relation_support,baseline_choice,fixtures,baseline,0,temperature,50,0.92,0.9212962962962963,0.886620694933573,0.19908502957117824,0.31128439144904013,0.1367162405985895,0.023588776854000546,30,4
relation_support,baseline_choice,fixtures,baseline,0,temperature_bias,50,0.96,0.9616228070175438,0.9420351688081579,0.158943157970564,0.26676157465249006,0.16102015670767214,0.007602744137021584,30,2
relation_support,baseline_choice,fixtures,accuracy,17,raw,50,0.92,0.9212962962962963,0.886620694933573,0.132686274053668,0.252719482106322,0.0635878787878788,0.022706314265277302,30,4
relation_support,baseline_choice,fixtures,accuracy,17,temperature,50,0.92,0.9212962962962963,0.886620694933573,0.20292347964963184,0.3173528699403029,0.1408804534451869,0.02553635295497845,30,4
relation_support,baseline_choice,fixtures,accuracy,17,temperature_bias,50,0.94,0.9420313881520778,0.9110176167840806,0.17064135223293683,0.2808656879861534,0.15057699667739588,0.008845690011023359,29,2
relation_support,baseline_choice,fixtures,nll,17,raw,50,0.92,0.9212962962962963,0.886620694933573,0.132084,0.24887811484810968,0.06360000000000006,0.02171850938722852,30,4
relation_support,baseline_choice,fixtures,nll,17,temperature,50,0.92,0.9212962962962963,0.886620694933573,0.19876867557386155,0.31010561087822425,0.13569249003965053,0.02449721665268425,30,4
relation_support,baseline_choice,fixtures,nll,17,temperature_bias,50,0.94,0.9420313881520778,0.9110176167840806,0.1699298644839769,0.2778224167565729,0.1473179360184673,0.009262356677690025,29,2
relation_support,baseline_choice,fixtures,accuracy,29,raw,50,0.92,0.9212962962962963,0.886620694933573,0.131812,0.24920984205039076,0.06380000000000005,0.020863197717963362,30,4
relation_support,baseline_choice,fixtures,accuracy,29,temperature,50,0.92,0.9212962962962963,0.886620694933573,0.20202353271576678,0.31629477500359554,0.1404109340129639,0.023033221298444994,30,4
relation_support,baseline_choice,fixtures,accuracy,29,temperature_bias,50,0.94,0.9420313881520778,0.9110176167840806,0.16880205003847176,0.27831823648237214,0.14885035569370936,0.008845690011023359,29,2
relation_support,baseline_choice,fixtures,nll,29,raw,50,0.92,0.9212962962962963,0.886620694933573,0.130748,0.2465098575278872,0.06320000000000002,0.020322657177422817,30,4
relation_support,baseline_choice,fixtures,nll,29,temperature,50,0.92,0.9212962962962963,0.886620694933573,0.19713919281583298,0.3079746815088992,0.1338423670351935,0.023033221298444994,30,4
relation_support,baseline_choice,fixtures,nll,29,temperature_bias,50,0.96,0.9616228070175438,0.9420351688081579,0.1594367761445001,0.26608987233160286,0.16084189108396194,0.006650896432654283,30,2
relation_support,baseline_choice,fixtures,accuracy,43,raw,50,0.92,0.9212962962962963,0.886620694933573,0.133524,0.2538109320169135,0.06240000000000005,0.0233024103613734,30,4
relation_support,baseline_choice,fixtures,accuracy,43,temperature,50,0.92,0.9212962962962963,0.886620694933573,0.19884588733838462,0.3105090016604654,0.1352796481242131,0.02556559272106032,30,4
relation_support,baseline_choice,fixtures,accuracy,43,temperature_bias,50,0.96,0.9616228070175438,0.9420351688081579,0.16157166140935955,0.268924721607543,0.16236048876292228,0.007602744137021584,30,2
relation_support,baseline_choice,fixtures,nll,43,raw,50,0.92,0.9212962962962963,0.886620694933573,0.134168,0.2532307366823521,0.06519999999999997,0.02225904992776906,30,4
relation_support,baseline_choice,fixtures,nll,43,temperature,50,0.92,0.9212962962962963,0.886620694933573,0.1988691840595562,0.31022787801580237,0.13507566103798727,0.02449721665268425,30,4
relation_support,baseline_choice,fixtures,nll,43,temperature_bias,50,0.96,0.9616228070175438,0.9420351688081579,0.1624816577929578,0.26963468840556387,0.16221918092729162,0.007955655400687996,30,2
relation_support,baseline_choice,fixtures,accuracy,71,raw,50,0.92,0.9212962962962963,0.886620694933573,0.13204400000000002,0.250699076004498,0.06319999999999998,0.021782859451578585,30,4
relation_support,baseline_choice,fixtures,accuracy,71,temperature,50,0.92,0.9212962962962963,0.886620694933573,0.1994729223799519,0.31309673055263115,0.13568932508173392,0.024431999261379903,30,4
relation_support,baseline_choice,fixtures,accuracy,71,temperature_bias,50,0.96,0.9616228070175438,0.9420351688081579,0.16052512433683358,0.26819532674981006,0.16182998944164353,0.007511210956243552,30,2
relation_support,baseline_choice,fixtures,nll,71,raw,50,0.92,0.9212962962962963,0.886620694933573,0.134144,0.25380428002162086,0.06480000000000008,0.023246854805817844,30,4
relation_support,baseline_choice,fixtures,nll,71,temperature,50,0.92,0.9212962962962963,0.886620694933573,0.19986004174237476,0.3138805238172873,0.1363015369587717,0.026526691119229655,30,4
relation_support,baseline_choice,fixtures,nll,71,temperature_bias,50,0.96,0.9616228070175438,0.9420351688081579,0.1613772897722651,0.269810520933326,0.16251323728406122,0.008037526745717236,30,2
relation_support,baseline_choice,fixtures,accuracy,101,raw,50,0.92,0.9212962962962963,0.886620694933573,0.132052,0.2494003137532788,0.06499999999999995,0.02077720263196827,30,4
relation_support,baseline_choice,fixtures,accuracy,101,temperature,50,0.92,0.9212962962962963,0.886620694933573,0.2001714121736115,0.3143406127128183,0.13705108100737748,0.023944194383331122,30,4
relation_support,baseline_choice,fixtures,accuracy,101,temperature_bias,50,0.96,0.9616228070175438,0.9420351688081579,0.1611294369587002,0.26946732975750526,0.16127558040096296,0.007511210956243552,30,2
relation_support,baseline_choice,fixtures,nll,101,raw,50,0.92,0.9212962962962963,0.886620694933573,0.134188,0.25293867626064015,0.06380000000000005,0.023219134778097814,30,4
relation_support,baseline_choice,fixtures,nll,101,temperature,50,0.92,0.9212962962962963,0.886620694933573,0.19935276223463622,0.3108213160254586,0.13558506412510943,0.02553635295497845,30,4
relation_support,baseline_choice,fixtures,nll,101,temperature_bias,50,0.96,0.9616228070175438,0.9420351688081579,0.16027334928438164,0.26738203571403696,0.16129043247320562,0.007511210956243552,30,2
relation_support,baseline_choice,additional_corpus,baseline,0,raw,336,0.8660714285714286,0.8511428652078551,0.7932502385915198,0.21543988095238104,1.121395562746483,0.05997023809523811,0.0538875160716849,176,37
relation_support,baseline_choice,additional_corpus,baseline,0,temperature,336,0.8660714285714286,0.8511428652078551,0.7932502385915198,0.3022801717537358,0.5538505275177562,0.17826071985198894,0.05701294580644969,176,37
relation_support,baseline_choice,additional_corpus,baseline,0,temperature_bias,336,0.8363095238095238,0.7975284746754187,0.7329376985629882,0.27956148034860656,0.507628321111514,0.12014873523578662,0.05383663298750017,158,33
relation_support,baseline_choice,additional_corpus,accuracy,17,raw,336,0.8630952380952381,0.8465084539420716,0.7885245281150152,0.21531547619047633,1.1212550874227796,0.05922619047619048,0.04976598941753552,176,38
relation_support,baseline_choice,additional_corpus,accuracy,17,temperature,336,0.8630952380952381,0.8465084539420716,0.7885245281150152,0.2975083289482754,0.5551025107443579,0.16809872558727265,0.05154152903170428,176,38
relation_support,baseline_choice,additional_corpus,accuracy,17,temperature_bias,336,0.8422619047619048,0.8039134628634422,0.7422376156496884,0.2755822693945821,0.5113268840100826,0.13219692724542148,0.04886595636334146,158,30
relation_support,baseline_choice,additional_corpus,nll,17,raw,336,0.8690476190476191,0.8534758371645427,0.7983730218372671,0.2152880952380953,1.1216463338511982,0.05633928571428573,0.0500850799070348,177,37
relation_support,baseline_choice,additional_corpus,nll,17,temperature,336,0.8690476190476191,0.8534758371645427,0.7983730218372671,0.2996341507032141,0.5560706672168859,0.17571834984128604,0.051712232149286545,177,37
relation_support,baseline_choice,additional_corpus,nll,17,temperature_bias,336,0.8363095238095238,0.7992919347231534,0.7330827541261397,0.2778681081432006,0.5129941780797418,0.12454937344391102,0.05001189575060695,158,33
relation_support,baseline_choice,additional_corpus,accuracy,29,raw,336,0.8601190476190477,0.8441853885396498,0.783388106117087,0.21381980288697472,1.118255535272351,0.05990319865319868,0.05017211699779892,175,38
relation_support,baseline_choice,additional_corpus,accuracy,29,temperature,336,0.8601190476190477,0.8441853885396498,0.783388106117087,0.29800133923502536,0.5556638339240472,0.16577305850161295,0.05244531017229942,175,38
relation_support,baseline_choice,additional_corpus,accuracy,29,temperature_bias,336,0.8482142857142857,0.8085706861275074,0.7514330310611111,0.27390827111227634,0.5090182667002223,0.12425702863474716,0.04589952191779322,157,27
relation_support,baseline_choice,additional_corpus,nll,29,raw,336,0.8630952380952381,0.8498189901696462,0.7885245281150152,0.21708430918127897,1.124309194611743,0.06539261664261667,0.0503467447903781,176,38
relation_support,baseline_choice,additional_corpus,nll,29,temperature,336,0.8630952380952381,0.8498189901696462,0.7885245281150152,0.2990228562258304,0.5572513061159913,0.16879357715398857,0.05358903071480524,176,38
relation_support,baseline_choice,additional_corpus,nll,29,temperature_bias,336,0.8422619047619048,0.8039859176128218,0.7418120391869285,0.2768673633293501,0.5132154332062129,0.1305708981241967,0.04965005594157933,157,29
relation_support,baseline_choice,additional_corpus,accuracy,43,raw,336,0.8660714285714286,0.8509809789325523,0.794032892793661,0.21594400522784366,1.1207354823362354,0.0570292207792208,0.050089701989780536,177,38
relation_support,baseline_choice,additional_corpus,accuracy,43,temperature,336,0.8660714285714286,0.8509809789325523,0.794032892793661,0.2988602343765416,0.5541838031598979,0.17137832660855298,0.05166621375083328,177,38
relation_support,baseline_choice,additional_corpus,accuracy,43,temperature_bias,336,0.8422619047619048,0.8039134628634422,0.7422376156496884,0.2758644895198441,0.5104315449564991,0.1298606654314772,0.04834213805797167,158,30
relation_support,baseline_choice,additional_corpus,nll,43,raw,336,0.8601190476190477,0.8441853885396498,0.783388106117087,0.2160140651342671,1.1248462066247316,0.0631529581529581,0.05111887107675504,175,38
relation_support,baseline_choice,additional_corpus,nll,43,temperature,336,0.8601190476190477,0.8441853885396498,0.783388106117087,0.3004897604383822,0.5582487568747939,0.16769683997970314,0.05269706083422953,175,38
relation_support,baseline_choice,additional_corpus,nll,43,temperature_bias,336,0.8363095238095238,0.7951887567985788,0.7329510350758524,0.27976749292285086,0.5168470025814131,0.12488092062416918,0.05088852694771755,157,33
relation_support,baseline_choice,additional_corpus,accuracy,71,raw,336,0.8601190476190477,0.8461542354569479,0.7845443162139981,0.2172456127533149,1.1243249813634641,0.05517676767676766,0.05011234546359039,176,39
relation_support,baseline_choice,additional_corpus,accuracy,71,temperature,336,0.8601190476190477,0.8461542354569479,0.7845443162139981,0.2979763231752874,0.5569635328944882,0.1656450624854979,0.05308478928946527,176,39
relation_support,baseline_choice,additional_corpus,accuracy,71,temperature_bias,336,0.8422619047619048,0.7999088794204935,0.7415839911800173,0.27507247278581515,0.5132843706123175,0.12838861458673206,0.0453192577701372,156,28
relation_support,baseline_choice,additional_corpus,nll,71,raw,336,0.8630952380952381,0.8486501045781943,0.7888877371819394,0.21457321428571433,1.2098579321909821,0.060595238095238056,0.05075139015319847,176,38
relation_support,baseline_choice,additional_corpus,nll,71,temperature,336,0.8630952380952381,0.8486501045781943,0.7888877371819394,0.30194254114367647,0.5718987253926179,0.17072519569300443,0.05437111924153696,176,38
relation_support,baseline_choice,additional_corpus,nll,71,temperature_bias,336,0.8422619047619048,0.7997913167404693,0.7421555749582477,0.28031229855792017,0.5282483675349843,0.13611458616755867,0.048965603703197476,157,30
relation_support,baseline_choice,additional_corpus,accuracy,101,raw,336,0.8601190476190477,0.8461542354569479,0.7845443162139981,0.2151702380952382,1.1210594835403211,0.05580357142857146,0.049703773854725034,176,39
relation_support,baseline_choice,additional_corpus,accuracy,101,temperature,336,0.8601190476190477,0.8461542354569479,0.7845443162139981,0.2972211907315328,0.554448882946335,0.16444654914404347,0.05315965932036499,176,39
relation_support,baseline_choice,additional_corpus,accuracy,101,temperature_bias,336,0.8363095238095238,0.8032465694863412,0.7335621842471076,0.27602100395382984,0.5101861206870153,0.113440658372357,0.05063621575107065,159,34
relation_support,baseline_choice,additional_corpus,nll,101,raw,336,0.8660714285714286,0.8523042418562431,0.7928806375338471,0.21682697677836568,1.121668134096239,0.0644678932178932,0.049869829674737944,176,37
relation_support,baseline_choice,additional_corpus,nll,101,temperature,336,0.8660714285714286,0.8523042418562431,0.7928806375338471,0.2990170826345713,0.5557551444103724,0.1719047462839478,0.05110310771298704,176,37
relation_support,baseline_choice,additional_corpus,nll,101,temperature_bias,336,0.8392857142857143,0.8015573850363938,0.7377732865894301,0.2780540051256883,0.5129483915822848,0.12038514918528331,0.050024926711316385,159,31
relation_support,baseline_choice,challenge,baseline,0,raw,48,0.9583333333333334,0.9542613573621326,0.9362551057967244,0.06662083333333334,0.12400919001429844,0.032499999999999946,0.004189322280439089,33,2
relation_support,baseline_choice,challenge,baseline,0,temperature,48,0.9583333333333334,0.9542613573621326,0.9362551057967244,0.10209198013772476,0.1733191754734672,0.08155879567601192,0.004189322280439089,33,2
relation_support,baseline_choice,challenge,baseline,0,temperature_bias,48,0.9583333333333334,0.9529760313641629,0.93744644825219,0.08553174110222979,0.15900485286076657,0.06567288190763486,0.0022074789289752285,32,1
relation_support,baseline_choice,challenge,accuracy,17,raw,48,0.9583333333333334,0.9542613573621326,0.9362551057967244,0.06721666666666666,0.12607741819243823,0.041041666666666685,0.004189322280439089,33,2
relation_support,baseline_choice,challenge,accuracy,17,temperature,48,0.9583333333333334,0.9542613573621326,0.9362551057967244,0.10531209072680094,0.17787961728879656,0.08310227183265027,0.004189322280439089,33,2
relation_support,baseline_choice,challenge,accuracy,17,temperature_bias,48,0.9583333333333334,0.9529760313641629,0.93744644825219,0.09019036867187163,0.164449634271177,0.07266155440038177,0.0022074789289752285,32,1
relation_support,baseline_choice,challenge,nll,17,raw,48,0.9583333333333334,0.9542613573621326,0.9362551057967244,0.06532083333333333,0.12267887243125093,0.03666666666666668,0.004189322280439089,33,2
relation_support,baseline_choice,challenge,nll,17,temperature,48,0.9583333333333334,0.9542613573621326,0.9362551057967244,0.0973167881577721,0.16397643855036123,0.07385019511173051,0.004189322280439089,33,2
relation_support,baseline_choice,challenge,nll,17,temperature_bias,48,0.9583333333333334,0.9529760313641629,0.93744644825219,0.08132912157616205,0.1495424566693355,0.060126427791884776,0.0022074789289752285,32,1
relation_support,baseline_choice,challenge,accuracy,29,raw,48,0.9583333333333334,0.9542613573621326,0.9362551057967244,0.07230416666666666,0.1458606499790742,0.03520833333333334,0.005687606059307976,33,2
relation_support,baseline_choice,challenge,accuracy,29,temperature,48,0.9583333333333334,0.9542613573621326,0.9362551057967244,0.10065488740512081,0.16939227620663697,0.07417048157936798,0.005244343647960457,33,2
relation_support,baseline_choice,challenge,accuracy,29,temperature_bias,48,0.9583333333333334,0.9529760313641629,0.93744644825219,0.08507622215190247,0.15541108348121505,0.06402538188070905,0.0022271794805906737,32,1
relation_support,baseline_choice,challenge,nll,29,raw,48,0.9583333333333334,0.9542613573621326,0.9362551057967244,0.0696375,0.12839314365086565,0.03333333333333338,0.004632584691786607,33,2
relation_support,baseline_choice,challenge,nll,29,temperature,48,0.9583333333333334,0.9542613573621326,0.9362551057967244,0.10288742206630735,0.17091156773275054,0.07917762638426155,0.005548446205474208,33,2
relation_support,baseline_choice,challenge,nll,29,temperature_bias,48,0.9583333333333334,0.9529760313641629,0.93744644825219,0.09014603515470865,0.1566263204505244,0.06762628311459147,0.005792589261995544,32,1
relation_support,baseline_choice,challenge,accuracy,43,raw,48,0.9583333333333334,0.9542613573621326,0.9362551057967244,0.06697083333333333,0.12453793296724451,0.037499999999999936,0.004189322280439089,33,2
relation_support,baseline_choice,challenge,accuracy,43,temperature,48,0.9583333333333334,0.9542613573621326,0.9362551057967244,0.09689740134156928,0.16364513050090534,0.0734223268451138,0.004189322280439089,33,2
relation_support,baseline_choice,challenge,accuracy,43,temperature_bias,48,0.9583333333333334,0.9529760313641629,0.93744644825219,0.08045105698238257,0.14880333253510233,0.06145251486502131,0.0022074789289752285,32,1
relation_support,baseline_choice,challenge,nll,43,raw,48,0.9583333333333334,0.9542613573621326,0.9362551057967244,0.06738749999999999,0.1249653321026521,0.03312500000000005,0.004710155613772422,33,2
relation_support,baseline_choice,challenge,nll,43,temperature,48,0.9583333333333334,0.9542613573621326,0.9362551057967244,0.09963264457186717,0.16862226868713093,0.07613389943381133,0.004710155613772422,33,2
relation_support,baseline_choice,challenge,nll,43,temperature_bias,48,0.9583333333333334,0.9529760313641629,0.93744644825219,0.08552923648740958,0.15600567193756557,0.06516969281778014,0.0026704418919381912,32,1
relation_support,baseline_choice,challenge,accuracy,71,raw,48,0.9583333333333334,0.9542613573621326,0.9362551057967244,0.06435416666666666,0.12156781691762723,0.03999999999999994,0.004189322280439089,33,2
relation_support,baseline_choice,challenge,accuracy,71,temperature,48,0.9583333333333334,0.9542613573621326,0.9362551057967244,0.10038666491743037,0.16923044130017506,0.07811852984780743,0.004189322280439089,33,2
relation_support,baseline_choice,challenge,accuracy,71,temperature_bias,48,0.9583333333333334,0.9529760313641629,0.93744644825219,0.08414562442505101,0.15405076624999228,0.06707500918851891,0.0017642165176277108,32,1
relation_support,baseline_choice,challenge,nll,71,raw,48,0.9583333333333334,0.9542613573621326,0.9362551057967244,0.06997083333333333,0.12925614690974838,0.03395833333333332,0.004632584691786607,33,2
relation_support,baseline_choice,challenge,nll,71,temperature,48,0.9583333333333334,0.9542613573621326,0.9362551057967244,0.09987950282995038,0.16863189343661064,0.07539599147591684,0.004189322280439089,33,2
relation_support,baseline_choice,challenge,nll,71,temperature_bias,48,0.9583333333333334,0.9529760313641629,0.93744644825219,0.08450320229227946,0.15482307006622675,0.06531686543672235,0.0017642165176277108,32,1
relation_support,baseline_choice,challenge,accuracy,101,raw,48,0.9583333333333334,0.9542613573621326,0.9362551057967244,0.06554583333333332,0.1231526214357846,0.035833333333333287,0.004710155613772422,33,2
relation_support,baseline_choice,challenge,accuracy,101,temperature,48,0.9583333333333334,0.9542613573621326,0.9362551057967244,0.10051781109928316,0.16909956172646332,0.0763230915635063,0.004710155613772422,33,2
relation_support,baseline_choice,challenge,accuracy,101,temperature_bias,48,0.9583333333333334,0.9529760313641629,0.93744644825219,0.08617230175609718,0.15691871502039503,0.06346386458520914,0.0022074789289752285,32,1
relation_support,baseline_choice,challenge,nll,101,raw,48,0.9583333333333334,0.9542613573621326,0.9362551057967244,0.06518333333333333,0.12220647658533705,0.036666666666666646,0.004189322280439089,33,2
relation_support,baseline_choice,challenge,nll,101,temperature,48,0.9583333333333334,0.9542613573621326,0.9362551057967244,0.09963226176046597,0.1688549988736826,0.07662166125212112,0.004189322280439089,33,2
relation_support,baseline_choice,challenge,nll,101,temperature_bias,48,0.9583333333333334,0.9529760313641629,0.93744644825219,0.08425586419184261,0.1552936044981503,0.06475654799774572,0.0022074789289752285,32,1
relation_support,conditional_nouls,evaluation,baseline,0,raw,339,0.8495575221238938,0.8497588244886062,0.7681621713675955,0.2475725275516225,0.48050441801248983,0.08179941002949853,0.06648862811399796,178,28
relation_support,conditional_nouls,evaluation,baseline,0,temperature,339,0.8495575221238938,0.8497588244886062,0.7681621713675955,0.23475713667394182,0.4593266534489598,0.033019350023856364,0.06709565570110061,178,28
relation_support,conditional_nouls,evaluation,baseline,0,temperature_bias,339,0.8436578171091446,0.8416105469725436,0.7575188069665659,0.23058219776415395,0.4306431090508593,0.024061627381809662,0.059640881750276036,175,28
relation_support,conditional_nouls,evaluation,accuracy,17,raw,339,0.8466076696165191,0.8472071250925074,0.7634611209711731,0.24757651404129824,0.48158652247562206,0.08311740412979352,0.06637928075114567,178,29
relation_support,conditional_nouls,evaluation,accuracy,17,temperature,339,0.8466076696165191,0.8472071250925074,0.7634611209711731,0.23433476679320106,0.4599303957495143,0.03270912715280187,0.06676980867794229,178,29
relation_support,conditional_nouls,evaluation,accuracy,17,temperature_bias,339,0.8407079646017699,0.8391042813083831,0.7529345044233796,0.22991792182769527,0.4308490702641044,0.018376717437219307,0.060365240785337844,175,28
relation_support,conditional_nouls,evaluation,nll,17,raw,339,0.8466076696165191,0.8472071250925074,0.7634611209711731,0.2473141891445429,0.4811439302977368,0.07725073746312686,0.06721694864237573,178,29
relation_support,conditional_nouls,evaluation,nll,17,temperature,339,0.8466076696165191,0.8472071250925074,0.7634611209711731,0.2343758021347836,0.46041194663448454,0.03230508897595362,0.0672073779906938,178,29
relation_support,conditional_nouls,evaluation,nll,17,temperature_bias,339,0.8436578171091446,0.8416333737495915,0.7576782149905508,0.2303270860719991,0.4317266881515759,0.015406358131563293,0.05935784910181378,175,27
relation_support,conditional_nouls,evaluation,accuracy,29,raw,339,0.8495575221238938,0.8497588244886062,0.7681621713675955,0.2473107027728616,0.47993011503088406,0.0800840707964602,0.06463832248754536,178,28
relation_support,conditional_nouls,evaluation,accuracy,29,temperature,339,0.8495575221238938,0.8497588244886062,0.7681621713675955,0.23435507464958313,0.45874198064219357,0.04163968778104406,0.06537490070149723,178,28
relation_support,conditional_nouls,evaluation,accuracy,29,temperature_bias,339,0.8436578171091446,0.8419918480590431,0.7579632143164583,0.2296038365801798,0.4292615318607733,0.018912438664753648,0.058785771120090195,176,28
relation_support,conditional_nouls,evaluation,nll,29,raw,339,0.8525073746312685,0.8531583896752436,0.772520772123855,0.24804615339233033,0.48269473326703205,0.08386342182890856,0.06688968685478118,178,27
relation_support,conditional_nouls,evaluation,nll,29,temperature,339,0.8525073746312685,0.8531583896752436,0.772520772123855,0.23494630349444628,0.4624024714252663,0.027573641029269378,0.06818910007682306,178,27
relation_support,conditional_nouls,evaluation,nll,29,temperature_bias,339,0.8436578171091446,0.8416333737495915,0.7576782149905508,0.23140564948267714,0.4341778870107872,0.023555282331925703,0.06065840243541546,175,27
relation_support,conditional_nouls,evaluation,accuracy,43,raw,339,0.8495575221238938,0.8497588244886062,0.7681621713675955,0.24687000666666692,0.4798397856596583,0.08591268436578171,0.06542199582286166,178,28
relation_support,conditional_nouls,evaluation,accuracy,43,temperature,339,0.8495575221238938,0.8497588244886062,0.7681621713675955,0.23365048462097313,0.45831175750046305,0.03091698683175277,0.0662776125241389,178,28
relation_support,conditional_nouls,evaluation,accuracy,43,temperature_bias,339,0.8436578171091446,0.8416105469725436,0.7575188069665659,0.22935745819839737,0.42956940285874534,0.027396034505969363,0.058582599576175044,175,28
relation_support,conditional_nouls,evaluation,nll,43,raw,339,0.8525073746312685,0.8531583896752436,0.772520772123855,0.24638297657817113,0.4788098215089418,0.08348761061946901,0.06381021055254811,178,27
relation_support,conditional_nouls,evaluation,nll,43,temperature,339,0.8525073746312685,0.8531583896752436,0.772520772123855,0.23311214752755255,0.456822582759569,0.03114317711469102,0.06483032803264939,178,27
relation_support,conditional_nouls,evaluation,nll,43,temperature_bias,339,0.8495575221238938,0.8478544516280365,0.7668220007828276,0.22875685975889684,0.428038089227621,0.019248776550101265,0.05815227723002283,177,27
relation_support,conditional_nouls,evaluation,accuracy,71,raw,339,0.8525073746312685,0.8531583896752436,0.772520772123855,0.24797754041297945,0.4820173490825595,0.0843070796460177,0.06494643634779473,178,27
relation_support,conditional_nouls,evaluation,accuracy,71,temperature,339,0.8525073746312685,0.8531583896752436,0.772520772123855,0.23461639118569358,0.4611951887115735,0.02880347013131735,0.06607761621401079,178,27
relation_support,conditional_nouls,evaluation,accuracy,71,temperature_bias,339,0.8407079646017699,0.83783559200491,0.7529782114141523,0.2310771700007446,0.43278564667405783,0.01933018937283583,0.05957460806678454,174,27
relation_support,conditional_nouls,evaluation,nll,71,raw,339,0.8495575221238938,0.8497588244886062,0.7681621713675955,0.2479856565781712,0.48083435244736444,0.08088849557522125,0.06430057618820023,178,28
relation_support,conditional_nouls,evaluation,nll,71,temperature,339,0.8495575221238938,0.8497588244886062,0.7681621713675955,0.23550511388041398,0.45939972934213047,0.03356652880811274,0.06508734195255896,178,28
relation_support,conditional_nouls,evaluation,nll,71,temperature_bias,339,0.8407079646017699,0.8390877185412832,0.7527957856582248,0.23095714216584942,0.43074052523569384,0.037127381201329274,0.05851589140352155,175,29
relation_support,conditional_nouls,evaluation,accuracy,101,raw,339,0.8466076696165191,0.8472071250925074,0.7634611209711731,0.2476275713274337,0.48104959450617363,0.0777646017699115,0.06488559252823903,178,29
relation_support,conditional_nouls,evaluation,accuracy,101,temperature,339,0.8466076696165191,0.8472071250925074,0.7634611209711731,0.23461302834877817,0.46007794846625993,0.03293831329491628,0.06584976852289358,178,29
relation_support,conditional_nouls,evaluation,accuracy,101,temperature_bias,339,0.8436578171091446,0.8416105469725436,0.7575188069665659,0.23050561952321075,0.4312879555635656,0.02290835825063667,0.05933347724304938,175,28
relation_support,conditional_nouls,evaluation,nll,101,raw,339,0.8466076696165191,0.8472071250925074,0.7634611209711731,0.248715393746313,0.48365088836333964,0.08999115044247788,0.06732775722301278,178,29
relation_support,conditional_nouls,evaluation,nll,101,temperature,339,0.8466076696165191,0.8472071250925074,0.7634611209711731,0.2355745376591774,0.46284180323756485,0.045168185723407306,0.06777480853040857,178,29
relation_support,conditional_nouls,evaluation,nll,101,temperature_bias,339,0.8407079646017699,0.8382320086487569,0.7532297370629208,0.23189088469163893,0.43416022882759686,0.026653694228935834,0.06124294553152887,175,28
relation_support,conditional_nouls,fixtures,baseline,0,raw,50,0.86,0.8641622278291748,0.7877181415327886,0.1620241224,0.32904851363616844,0.170748,0.015105016144414512,26,3
relation_support,conditional_nouls,fixtures,baseline,0,temperature,50,0.86,0.8641622278291748,0.7877181415327886,0.13923289037059441,0.2560675354432972,0.12865114833164665,0.015105016144414512,26,3
relation_support,conditional_nouls,fixtures,baseline,0,temperature_bias,50,0.92,0.9222222222222222,0.8802278291865809,0.1407040782911577,0.2577882567081774,0.09461297144088461,0.015975447628670716,27,1
relation_support,conditional_nouls,fixtures,accuracy,17,raw,50,0.86,0.8641622278291748,0.7877181415327886,0.16183827759999997,0.32935628894761165,0.14753799999999997,0.01554946058885896,26,3
relation_support,conditional_nouls,fixtures,accuracy,17,temperature,50,0.86,0.8641622278291748,0.7877181415327886,0.13764736910835754,0.2545492003796151,0.12760435954300034,0.016645556684955053,26,3
relation_support,conditional_nouls,fixtures,accuracy,17,temperature_bias,50,0.92,0.9222222222222222,0.8802278291865809,0.13922342940812793,0.25626701365188376,0.1273779444128183,0.01490229493240057,27,1
relation_support,conditional_nouls,fixtures,nll,17,raw,50,0.88,0.8832591768631813,0.8186781371951195,0.16156535879999998,0.32855587487875115,0.14295799999999997,0.013798314867412483,27,3
relation_support,conditional_nouls,fixtures,nll,17,temperature,50,0.88,0.8832591768631813,0.8186781371951195,0.13817464471040888,0.25382335140708195,0.1076624966434831,0.01429685287910839,27,3
relation_support,conditional_nouls,fixtures,nll,17,temperature_bias,50,0.92,0.9222222222222222,0.8802278291865809,0.13902371888329187,0.2547813192508319,0.10290293769808673,0.014938924969030607,27,1
relation_support,conditional_nouls,fixtures,accuracy,29,raw,50,0.88,0.8832591768631813,0.8186781371951195,0.1600316564,0.32773226456168686,0.167218,0.013966181298436811,27,3
relation_support,conditional_nouls,fixtures,accuracy,29,temperature,50,0.88,0.8832591768631813,0.8186781371951195,0.13522364650685834,0.251376287696801,0.11890016870980975,0.013966181298436811,27,3
relation_support,conditional_nouls,fixtures,accuracy,29,temperature_bias,50,0.92,0.9222222222222222,0.8802278291865809,0.13696661108486755,0.25275602359828003,0.12471515147525546,0.013512767663267694,27,1
relation_support,conditional_nouls,fixtures,nll,29,raw,50,0.88,0.8832591768631813,0.8186781371951195,0.15879498479999998,0.32632876756624724,0.141522,0.012899324968422585,27,3
relation_support,conditional_nouls,fixtures,nll,29,temperature,50,0.88,0.8832591768631813,0.8186781371951195,0.13387975727943438,0.24920815762802082,0.11678436062364506,0.012899324968422585,27,3
relation_support,conditional_nouls,fixtures,nll,29,temperature_bias,50,0.92,0.9222222222222222,0.8802278291865809,0.13461438117123664,0.24974961002064738,0.09907150520952665,0.013938299578161313,27,1
relation_support,conditional_nouls,fixtures,accuracy,43,raw,50,0.88,0.8832591768631813,0.8186781371951195,0.1594934776,0.32795477575913906,0.14158400000000002,0.013880186212441721,27,3
relation_support,conditional_nouls,fixtures,accuracy,43,temperature,50,0.88,0.8832591768631813,0.8186781371951195,0.13433537054519015,0.25250220945938884,0.10496368128964284,0.013425640757896267,27,3
relation_support,conditional_nouls,fixtures,accuracy,43,temperature_bias,50,0.92,0.9222222222222222,0.8802278291865809,0.1367554449657319,0.25425753574916937,0.092884392966121,0.013960988177140326,27,1
relation_support,conditional_nouls,fixtures,nll,43,raw,50,0.86,0.8641622278291748,0.7877181415327886,0.1609050416,0.3289685996606096,0.18675399999999998,0.015105016144414512,26,3
relation_support,conditional_nouls,fixtures,nll,43,temperature,50,0.86,0.8641622278291748,0.7877181415327886,0.1361610294135067,0.2534101050253463,0.12573219319068066,0.016201112240510608,26,3
relation_support,conditional_nouls,fixtures,nll,43,temperature_bias,50,0.92,0.9222222222222222,0.8802278291865809,0.13845205415621537,0.25563126910936057,0.06908290173505197,0.015993182146405233,27,1
relation_support,conditional_nouls,fixtures,accuracy,71,raw,50,0.88,0.8832591768631813,0.8186781371951195,0.1584954968,0.32642887823939337,0.16590400000000005,0.013842307424562937,27,3
relation_support,conditional_nouls,fixtures,accuracy,71,temperature,50,0.88,0.8832591768631813,0.8186781371951195,0.13320637403054325,0.24927010707766395,0.11721832333874761,0.013842307424562937,27,3
relation_support,conditional_nouls,fixtures,accuracy,71,temperature_bias,50,0.92,0.9222222222222222,0.8802278291865809,0.13431857186495258,0.25029628896840933,0.08362060604429841,0.014473808689960838,27,1
relation_support,conditional_nouls,fixtures,nll,71,raw,50,0.9,0.9027846705266059,0.8494583486285584,0.15579571959999997,0.32332467520717256,0.17036,0.013025640757896266,28,3
relation_support,conditional_nouls,fixtures,nll,71,temperature,50,0.9,0.9027846705266059,0.8494583486285584,0.1293003411192088,0.246447433398781,0.10114737812189462,0.01356618129843681,28,3
relation_support,conditional_nouls,fixtures,nll,71,temperature_bias,50,0.92,0.9222222222222222,0.8802278291865809,0.1315349068063582,0.2479434630639671,0.12368341314071164,0.01271062633027392,27,1
relation_support,conditional_nouls,fixtures,accuracy,101,raw,50,0.88,0.8832591768631813,0.8186781371951195,0.15953744280000004,0.3265003215139927,0.14191000000000004,0.013880186212441721,27,3
relation_support,conditional_nouls,fixtures,accuracy,101,temperature,50,0.88,0.8832591768631813,0.8186781371951195,0.13478223757161784,0.24971603270945514,0.10762997626633272,0.01429685287910839,27,3
relation_support,conditional_nouls,fixtures,accuracy,101,temperature_bias,50,0.92,0.9222222222222222,0.8802278291865809,0.1353936145649982,0.25094171640739554,0.1330593473922407,0.014426104456210091,27,1
relation_support,conditional_nouls,fixtures,nll,101,raw,50,0.88,0.8832591768631813,0.8186781371951195,0.1604281632,0.3273674157411435,0.14276400000000003,0.01426343114648225,27,3
relation_support,conditional_nouls,fixtures,nll,101,temperature,50,0.88,0.8832591768631813,0.8186781371951195,0.13704580422541027,0.25310767209896495,0.12639872869252958,0.014324630656886168,27,3
relation_support,conditional_nouls,fixtures,nll,101,temperature_bias,50,0.92,0.9222222222222222,0.8802278291865809,0.13721964112044346,0.2543321940601422,0.08676109977620364,0.014135237298895225,27,1
relation_support,conditional_nouls,additional_corpus,baseline,0,raw,336,0.8571428571428571,0.8489251680328008,0.7730108645241148,0.2337567001190477,0.44991194850947364,0.09578244047619051,0.05098465395605852,168,30
relation_support,conditional_nouls,additional_corpus,baseline,0,temperature,336,0.8571428571428571,0.8489251680328008,0.7730108645241148,0.21795465574388903,0.41192362910201347,0.03769894827075083,0.050340827791060694,168,30
relation_support,conditional_nouls,additional_corpus,baseline,0,temperature_bias,336,0.8601190476190477,0.8462022254475086,0.7751416294809416,0.20741609817092652,0.3808973796276584,0.029204230623926943,0.043880301934198424,168,29
relation_support,conditional_nouls,additional_corpus,accuracy,17,raw,336,0.8571428571428571,0.8482691168677329,0.7718505392891976,0.23255700815476202,0.44692015012208275,0.09697916666666671,0.04989791036892126,166,28
relation_support,conditional_nouls,additional_corpus,accuracy,17,temperature,336,0.8571428571428571,0.8482691168677329,0.7718505392891976,0.2171631189241112,0.40865099072363414,0.04356493282061954,0.04938268922421261,166,28
relation_support,conditional_nouls,additional_corpus,accuracy,17,temperature_bias,336,0.8601190476190477,0.8462022254475086,0.7751416294809416,0.20660372136036015,0.37761215253071406,0.02932004025335338,0.04302117285655048,168,29
relation_support,conditional_nouls,additional_corpus,nll,17,raw,336,0.8541666666666666,0.8472831695607305,0.7691680203040833,0.23239927357142842,0.448224098023091,0.09114375,0.04987756039835284,167,31
relation_support,conditional_nouls,additional_corpus,nll,17,temperature,336,0.8541666666666666,0.8472831695607305,0.7691680203040833,0.21676045394671548,0.4105426940666585,0.02061471230107237,0.049119317617213235,167,31
relation_support,conditional_nouls,additional_corpus,nll,17,temperature_bias,336,0.8571428571428571,0.8437850821238283,0.7705148582876289,0.20591961894566746,0.37981350948818937,0.022054413256615772,0.043956985112600634,168,30
relation_support,conditional_nouls,additional_corpus,accuracy,29,raw,336,0.8541666666666666,0.8430112668502298,0.7683664759227152,0.23313673952380945,0.4481700035448476,0.09129136904761906,0.051344505432400336,168,31
relation_support,conditional_nouls,additional_corpus,accuracy,29,temperature,336,0.8541666666666666,0.8430112668502298,0.7683664759227152,0.2175977832179013,0.41030566310946476,0.0270841961632266,0.051024083818503874,168,31
relation_support,conditional_nouls,additional_corpus,accuracy,29,temperature_bias,336,0.8541666666666666,0.8414902707355538,0.7655434136156165,0.20675843476229105,0.3795077199417565,0.024235073515829854,0.045400820731318445,167,30
relation_support,conditional_nouls,additional_corpus,nll,29,raw,336,0.8541666666666666,0.8459270377754597,0.7698491602276967,0.23313948267857146,0.4481813497774504,0.09897172619047623,0.04971314058854173,168,32
relation_support,conditional_nouls,additional_corpus,nll,29,temperature,336,0.8541666666666666,0.8459270377754597,0.7698491602276967,0.21716949699103466,0.4089314018340969,0.01982365729465263,0.04941107631655097,168,32
relation_support,conditional_nouls,additional_corpus,nll,29,temperature_bias,336,0.8571428571428571,0.8437850821238283,0.7705148582876289,0.20662518338021493,0.3777652646871885,0.026175792080998937,0.0428978583661049,168,30
relation_support,conditional_nouls,additional_corpus,accuracy,43,raw,336,0.8601190476190477,0.851362010654046,0.7776771336383762,0.2344009804761905,0.4509279269528302,0.09731190476190477,0.050377810226882695,168,29
relation_support,conditional_nouls,additional_corpus,accuracy,43,temperature,336,0.8601190476190477,0.851362010654046,0.7776771336383762,0.2193693597462325,0.4141578094741684,0.041906485107642825,0.050081889429331373,168,29
relation_support,conditional_nouls,additional_corpus,accuracy,43,temperature_bias,336,0.8601190476190477,0.8460774908606822,0.7755089118032374,0.20847689246472503,0.3825964140625868,0.029246786572146067,0.04450420369982702,169,30
relation_support,conditional_nouls,additional_corpus,nll,43,raw,336,0.8511904761904762,0.8428507165349272,0.7639418776256549,0.23352638119047622,0.4495952568317295,0.09817767857142859,0.0503661248264355,167,31
relation_support,conditional_nouls,additional_corpus,nll,43,temperature,336,0.8511904761904762,0.8428507165349272,0.7639418776256549,0.21793007889788663,0.4117705921366787,0.03103336288314512,0.049958545589505646,167,31
relation_support,conditional_nouls,additional_corpus,nll,43,temperature_bias,336,0.8571428571428571,0.8437850821238283,0.7705148582876289,0.2072726404655362,0.38070930028725786,0.02269519148870337,0.04426259960070159,168,30
relation_support,conditional_nouls,additional_corpus,accuracy,71,raw,336,0.8601190476190477,0.8526977888291757,0.7772490522569243,0.23245745916666655,0.4480546553954587,0.09852738095238099,0.04985503179679342,168,29
relation_support,conditional_nouls,additional_corpus,accuracy,71,temperature,336,0.8601190476190477,0.8526977888291757,0.7772490522569243,0.21644955190264326,0.40892198781738903,0.02871057094282037,0.04918233348160347,168,29
relation_support,conditional_nouls,additional_corpus,accuracy,71,temperature_bias,336,0.8571428571428571,0.8437850821238283,0.7705148582876289,0.20691502492836272,0.3794989751947539,0.031388330608082195,0.04338518506113632,168,30
relation_support,conditional_nouls,additional_corpus,nll,71,raw,336,0.8541666666666666,0.8465890058810412,0.7681543829722747,0.23351701107142867,0.4477022350862968,0.09182083333333335,0.04981493343918676,167,30
relation_support,conditional_nouls,additional_corpus,nll,71,temperature,336,0.8541666666666666,0.8465890058810412,0.7681543829722747,0.21852962167712106,0.40965445258198274,0.02527188980587567,0.049259330800428464,167,30
relation_support,conditional_nouls,additional_corpus,nll,71,temperature_bias,336,0.8601190476190477,0.8485352977723771,0.7757821242386534,0.20701171850055372,0.3775015379169401,0.019033481203336665,0.04319607256304788,169,30
relation_support,conditional_nouls,additional_corpus,accuracy,101,raw,336,0.8571428571428571,0.8503603442627833,0.7723983710884837,0.23201047226190463,0.446472158598811,0.09465595238095238,0.049115806068644664,167,29
relation_support,conditional_nouls,additional_corpus,accuracy,101,temperature,336,0.8571428571428571,0.8503603442627833,0.7723983710884837,0.216330932669751,0.40770417041186297,0.028060854013833878,0.048673492256247064,167,29
relation_support,conditional_nouls,additional_corpus,accuracy,101,temperature_bias,336,0.8601190476190477,0.8460774908606822,0.7755089118032374,0.20609636372443849,0.37729070465762565,0.030319059352048643,0.04215542638702356,169,30
relation_support,conditional_nouls,additional_corpus,nll,101,raw,336,0.8511904761904762,0.8447298296284836,0.7649255050238623,0.2329155892261905,0.4478750363987741,0.09780297619047618,0.05057864650544223,169,33
relation_support,conditional_nouls,additional_corpus,nll,101,temperature,336,0.8511904761904762,0.8447298296284836,0.7649255050238623,0.21714975520805013,0.40952734752432396,0.02104616972845191,0.05041024278092676,169,33
relation_support,conditional_nouls,additional_corpus,nll,101,temperature_bias,336,0.8571428571428571,0.8437850821238283,0.7705148582876289,0.2070325807434038,0.37845365277260407,0.02102684524844946,0.04364165363519413,168,30
relation_support,conditional_nouls,challenge,baseline,0,raw,48,0.9583333333333334,0.9542613573621326,0.9362551057967244,0.07234098083333333,0.17385245687145598,0.07611041666666668,0.005244343647960457,33,2
relation_support,conditional_nouls,challenge,baseline,0,temperature,48,0.9583333333333334,0.9542613573621326,0.9362551057967244,0.05967467104440823,0.12876050646935674,0.042160358710324294,0.005244343647960457,33,2
relation_support,conditional_nouls,challenge,baseline,0,temperature_bias,48,0.9791666666666666,0.9789147286821706,0.968452882228788,0.05870785004553445,0.1476848615746831,0.038167795171084255,0.010357153697438774,33,1
relation_support,conditional_nouls,challenge,accuracy,17,raw,48,0.9583333333333334,0.9542613573621326,0.9362551057967244,0.07242868125,0.17593102197718327,0.09397499999999998,0.004710155613772422,33,2
relation_support,conditional_nouls,challenge,accuracy,17,temperature,48,0.9583333333333334,0.9542613573621326,0.9362551057967244,0.05943680589015731,0.13139568591457743,0.040128909932284094,0.005244343647960457,33,2
relation_support,conditional_nouls,challenge,accuracy,17,temperature_bias,48,0.9791666666666666,0.9789147286821706,0.968452882228788,0.058721989733687495,0.1513024661569174,0.0376861649423667,0.010357153697438774,33,1
relation_support,conditional_nouls,challenge,nll,17,raw,48,0.9583333333333334,0.9542613573621326,0.9362551057967244,0.07097330833333332,0.17192173318528947,0.09400416666666667,0.005244343647960457,33,2
relation_support,conditional_nouls,challenge,nll,17,temperature,48,0.9583333333333334,0.9542613573621326,0.9362551057967244,0.05786335086117522,0.1249613937225496,0.038923662148068895,0.005792589261995544,33,2
relation_support,conditional_nouls,challenge,nll,17,temperature_bias,48,0.9791666666666666,0.9789147286821706,0.968452882228788,0.05755343012213792,0.14421209379748998,0.036309551331484294,0.010357153697438774,33,1
relation_support,conditional_nouls,challenge,accuracy,29,raw,48,0.9583333333333334,0.9542613573621326,0.9362551057967244,0.07374378875,0.17488573513641378,0.07467083333333338,0.005792589261995544,33,2
relation_support,conditional_nouls,challenge,accuracy,29,temperature,48,0.9583333333333334,0.9542613573621326,0.9362551057967244,0.06183039610310465,0.13146531701471825,0.03857128232818052,0.0063556523250586075,33,2
relation_support,conditional_nouls,challenge,accuracy,29,temperature_bias,48,0.9791666666666666,0.9789147286821706,0.968452882228788,0.059703030059037605,0.1502909322560386,0.03628386399388508,0.01339247911063775,33,1
relation_support,conditional_nouls,challenge,nll,29,raw,48,0.9583333333333334,0.9542613573621326,0.9362551057967244,0.07246609749999999,0.17285325790961614,0.09421250000000005,0.004710155613772422,33,2
relation_support,conditional_nouls,challenge,nll,29,temperature,48,0.9583333333333334,0.9542613573621326,0.9362551057967244,0.05953871523322283,0.12638534222874517,0.03935862401447331,0.004710155613772422,33,2
relation_support,conditional_nouls,challenge,nll,29,temperature_bias,48,0.9791666666666666,0.9789147286821706,0.968452882228788,0.058591330081033226,0.14582372584402306,0.03709288463740223,0.010357153697438774,33,1
relation_support,conditional_nouls,challenge,accuracy,43,raw,48,0.9583333333333334,0.9542613573621326,0.9362551057967244,0.07230772875000001,0.17270101462368756,0.07472291666666672,0.005244343647960457,33,2
relation_support,conditional_nouls,challenge,accuracy,43,temperature,48,0.9583333333333334,0.9542613573621326,0.9362551057967244,0.05972437493878547,0.12756421168445362,0.03954980568702051,0.005792589261995544,33,2
relation_support,conditional_nouls,challenge,accuracy,43,temperature_bias,48,0.9791666666666666,0.9789147286821706,0.968452882228788,0.05840521455852756,0.14679707121473143,0.03687752332786529,0.011075544502036475,33,1
relation_support,conditional_nouls,challenge,nll,43,raw,48,0.9583333333333334,0.9542613573621326,0.9362551057967244,0.07295656916666667,0.1735788632521101,0.07574166666666671,0.005244343647960457,33,2
relation_support,conditional_nouls,challenge,nll,43,temperature,48,0.9583333333333334,0.9542613573621326,0.9362551057967244,0.06067861674779526,0.12782812943636485,0.03997675473454829,0.005792589261995544,33,2
relation_support,conditional_nouls,challenge,nll,43,temperature_bias,48,0.9791666666666666,0.9789147286821706,0.968452882228788,0.05920836343958812,0.1460968442354568,0.037070639370854114,0.00966270925299433,33,1
relation_support,conditional_nouls,challenge,accuracy,71,raw,48,0.9583333333333334,0.9542613573621326,0.9362551057967244,0.07275312875,0.17337342795698404,0.07696875000000003,0.0036811921991382764,33,2
relation_support,conditional_nouls,challenge,accuracy,71,temperature,48,0.9583333333333334,0.9542613573621326,0.9362551057967244,0.06033749482085365,0.12650071004008648,0.04065607208872081,0.004189322280439089,33,2
relation_support,conditional_nouls,challenge,accuracy,71,temperature_bias,48,0.9791666666666666,0.9789147286821706,0.968452882228788,0.05928040106589901,0.14530604265182265,0.0381415168520847,0.010357153697438774,33,1
relation_support,conditional_nouls,challenge,nll,71,raw,48,0.9583333333333334,0.9542613573621326,0.9362551057967244,0.07227953083333333,0.17365345352015402,0.07532291666666673,0.005244343647960457,33,2
relation_support,conditional_nouls,challenge,nll,71,temperature,48,0.9583333333333334,0.9542613573621326,0.9362551057967244,0.05953189011678776,0.12909657241154418,0.04163263400535389,0.005792589261995544,33,2
relation_support,conditional_nouls,challenge,nll,71,temperature_bias,48,0.9791666666666666,0.9789147286821706,0.968452882228788,0.05858319115842308,0.14907356752958043,0.03725716246159308,0.01339247911063775,33,1
relation_support,conditional_nouls,challenge,accuracy,101,raw,48,0.9583333333333334,0.9542613573621326,0.9362551057967244,0.07357114958333334,0.17197702349086372,0.07595416666666671,0.004189322280439089,33,2
relation_support,conditional_nouls,challenge,accuracy,101,temperature,48,0.9583333333333334,0.9542613573621326,0.9362551057967244,0.062049255715049885,0.12688204843389625,0.040240254507722534,0.004710155613772422,33,2
relation_support,conditional_nouls,challenge,accuracy,101,temperature_bias,48,0.9791666666666666,0.9789147286821706,0.968452882228788,0.06001685295216764,0.14474004329998555,0.03741250148117425,0.011075544502036475,33,1
relation_support,conditional_nouls,challenge,nll,101,raw,48,0.9583333333333334,0.9542613573621326,0.9362551057967244,0.07127539416666666,0.17015575233185062,0.07417291666666671,0.005244343647960457,33,2
relation_support,conditional_nouls,challenge,nll,101,temperature,48,0.9583333333333334,0.9542613573621326,0.9362551057967244,0.058989141801922884,0.12497283120340087,0.03908138085584394,0.005792589261995544,33,2
relation_support,conditional_nouls,challenge,nll,101,temperature_bias,48,0.9791666666666666,0.9789147286821706,0.968452882228788,0.05782080379033159,0.14391892309114648,0.03609520875505212,0.011075544502036475,33,1
relation_support,evidence_contract,evaluation,baseline,0,raw,339,0.8525073746312685,0.8496149143624878,0.7736699354296777,0.23693609236791519,1.3433769695777202,0.0698724710229135,0.0665732510431564,177,26
relation_support,evidence_contract,evaluation,baseline,0,temperature,339,0.8525073746312685,0.8496149143624878,0.7736699354296777,0.29722635739484093,0.588620896616335,0.16265067331036787,0.06791226724246688,177,26
relation_support,evidence_contract,evaluation,baseline,0,temperature_bias,339,0.7817109144542773,0.7752230630833368,0.6718014409659828,0.2831247832847052,0.527044980604541,0.0868072095995194,0.07419488659022047,180,62
relation_support,evidence_contract,evaluation,accuracy,17,raw,339,0.8495575221238938,0.8479623066214529,0.7694267940671498,0.23629722823419086,1.3432802480973507,0.07306069545007599,0.06773376466940538,175,25
relation_support,evidence_contract,evaluation,accuracy,17,temperature,339,0.8495575221238938,0.8479623066214529,0.7694267940671498,0.2969875097972198,0.5934054064854766,0.17055977026139288,0.06968020198582961,175,25
relation_support,evidence_contract,evaluation,accuracy,17,temperature_bias,339,0.7699115044247787,0.7596653171390013,0.6528757061548702,0.28223918670423154,0.5317392366438015,0.10829088049563382,0.07558888491898072,177,64
relation_support,evidence_contract,evaluation,nll,17,raw,339,0.8495575221238938,0.8479031002635052,0.7689224981764385,0.23708436578171105,1.2558908578929355,0.07235988200589973,0.06469445668110192,176,26
relation_support,evidence_contract,evaluation,nll,17,temperature,339,0.8495575221238938,0.8479031002635052,0.7689224981764385,0.29294067193445444,0.5714610564858693,0.16669690692145497,0.06590779941863423,176,26
relation_support,evidence_contract,evaluation,nll,17,temperature_bias,339,0.775811209439528,0.769852207977208,0.6637749550719042,0.2786799344836167,0.513186785530271,0.0969602439636542,0.07201874010152959,180,64
relation_support,evidence_contract,evaluation,accuracy,29,raw,339,0.8495575221238938,0.8487594875265431,0.7687569416865504,0.234954943613905,1.3348290379795384,0.0729480647179762,0.06537709575174008,176,25
relation_support,evidence_contract,evaluation,accuracy,29,temperature,339,0.8495575221238938,0.8487594875265431,0.7687569416865504,0.2900019050462521,0.5898073152122837,0.16081051496405274,0.06681019286055924,176,25
relation_support,evidence_contract,evaluation,accuracy,29,temperature_bias,339,0.7787610619469026,0.773871183845344,0.6682419441040099,0.27685772530417974,0.5252994708814724,0.10390874041383585,0.07221541874119165,181,63
relation_support,evidence_contract,evaluation,nll,29,raw,339,0.8525073746312685,0.850450142520326,0.773729723119669,0.2363604719764014,1.3423389774488736,0.07445427728613566,0.06591125009889345,176,25
relation_support,evidence_contract,evaluation,nll,29,temperature,339,0.8525073746312685,0.850450142520326,0.773729723119669,0.2937754800359775,0.5914445512215766,0.17143992817180947,0.06688516347067061,176,25
relation_support,evidence_contract,evaluation,nll,29,temperature_bias,339,0.775811209439528,0.7682118642821792,0.6625548905708801,0.28248188646444117,0.5281092860104871,0.10135012043121358,0.07433362501247076,179,63
relation_support,evidence_contract,evaluation,accuracy,43,raw,339,0.8525073746312685,0.850450142520326,0.773729723119669,0.23675629607357512,1.2527188987466924,0.07679032210005662,0.06490578379713319,176,25
relation_support,evidence_contract,evaluation,accuracy,43,temperature,339,0.8525073746312685,0.850450142520326,0.773729723119669,0.25872135473040037,0.6280856691222473,0.12354322248398768,0.06466961041495271,176,25
relation_support,evidence_contract,evaluation,accuracy,43,temperature_bias,339,0.8171091445427728,0.8091540712987696,0.721289680724184,0.25764942435575944,0.5523387941722987,0.06586797238035869,0.0658413016659544,181,51
relation_support,evidence_contract,evaluation,nll,43,raw,339,0.8495575221238938,0.848824945048262,0.7692824995527603,0.23648976267848187,1.3408783522303291,0.07518816483418256,0.06593532555066704,175,24
relation_support,evidence_contract,evaluation,nll,43,temperature,339,0.8495575221238938,0.848824945048262,0.7692824995527603,0.2954143631599423,0.5866366683238835,0.16407423638495558,0.0679866966815508,175,24
relation_support,evidence_contract,evaluation,nll,43,temperature_bias,339,0.7817109144542773,0.776567380381311,0.6722480688561666,0.27916734932429377,0.5238634158615051,0.09719055478131354,0.0721965461380364,181,62
relation_support,evidence_contract,evaluation,accuracy,71,raw,339,0.8495575221238938,0.8487594875265431,0.7687569416865504,0.23719705014749282,1.3419551798493905,0.07566371681415932,0.06624985584924446,176,25
relation_support,evidence_contract,evaluation,accuracy,71,temperature,339,0.8495575221238938,0.8487594875265431,0.7687569416865504,0.31257256559468083,0.57488407501767,0.1725515907290046,0.06871727864247486,176,25
relation_support,evidence_contract,evaluation,accuracy,71,temperature_bias,339,0.7640117994100295,0.7522837091536908,0.6428671192497524,0.2908673390247879,0.517906768641383,0.10496211657461021,0.077026562663319,176,64
relation_support,evidence_contract,evaluation,nll,71,raw,339,0.8525073746312685,0.850450142520326,0.773729723119669,0.23754845393838878,1.3410480591143992,0.07111915616340392,0.0657285720556087,176,25
relation_support,evidence_contract,evaluation,nll,71,temperature,339,0.8525073746312685,0.850450142520326,0.773729723119669,0.2945202621566689,0.5863376330195197,0.16781569073779465,0.06717940118770381,176,25
relation_support,evidence_contract,evaluation,nll,71,temperature_bias,339,0.7787610619469026,0.7706427288956452,0.6658624777409886,0.27845000136046444,0.5198713946064528,0.09269406655739575,0.07295671515491842,179,61
relation_support,evidence_contract,evaluation,accuracy,101,raw,339,0.8525073746312685,0.8512940808507311,0.7738527348643229,0.23615022384989318,1.3397728973922534,0.07763833020470193,0.06567063461896776,175,24
relation_support,evidence_contract,evaluation,accuracy,101,temperature,339,0.8525073746312685,0.8512940808507311,0.7738527348643229,0.2946147631728025,0.5856826089855821,0.17686598625961614,0.0663037781670509,175,24
relation_support,evidence_contract,evaluation,accuracy,101,temperature_bias,339,0.7846607669616519,0.7792523577123337,0.6762645974348281,0.2796592538483226,0.5222889780341837,0.08023672544771056,0.07243289283529246,181,61
relation_support,evidence_contract,evaluation,nll,101,raw,339,0.8525073746312685,0.8513050404947776,0.7735785753652351,0.23624837758112102,1.3420733245402745,0.07115044247787612,0.06627197202427407,176,24
relation_support,evidence_contract,evaluation,nll,101,temperature,339,0.8525073746312685,0.8513050404947776,0.7735785753652351,0.29413206150559396,0.5896262951560651,0.16191981237789282,0.06778156737987452,176,24
relation_support,evidence_contract,evaluation,nll,101,temperature_bias,339,0.7876106194690266,0.7819263801029779,0.680291781614814,0.2750133201214246,0.5220524590166447,0.10031799421077764,0.07098070922407954,181,60
relation_support,evidence_contract,fixtures,baseline,0,raw,50,0.9,0.9019488653109343,0.8504848847718492,0.12902400000000003,0.2005926154518035,0.05800000000000004,0.014615866672713968,28,3
relation_support,evidence_contract,fixtures,baseline,0,temperature,50,0.9,0.9019488653109343,0.8504848847718492,0.24560138838099976,0.39844417323114123,0.19753999931408397,0.015553870242936384,28,3
relation_support,evidence_contract,fixtures,baseline,0,temperature_bias,50,0.8,0.8079758219077106,0.7248819150103576,0.24602392243723167,0.38850967487377425,0.109861375393733,0.04855040628654057,28,8
relation_support,evidence_contract,fixtures,accuracy,17,raw,50,0.9,0.9019488653109343,0.8504848847718492,0.126452,0.19642238854078287,0.06300000000000001,0.0135770646538551,28,3
relation_support,evidence_contract,fixtures,accuracy,17,temperature,50,0.9,0.9019488653109343,0.8504848847718492,0.23571560120445106,0.38103769344076466,0.18369039736590537,0.014948276775067222,28,3
relation_support,evidence_contract,fixtures,accuracy,17,temperature_bias,50,0.8,0.8079758219077106,0.7248819150103576,0.23237243504166002,0.36789573910037743,0.11251783112214736,0.04269969417528381,28,8
relation_support,evidence_contract,fixtures,nll,17,raw,50,0.9,0.9019488653109343,0.8504848847718492,0.121516,0.1897738126180914,0.0578,0.011155804342350886,28,3
relation_support,evidence_contract,fixtures,nll,17,temperature,50,0.9,0.9019488653109343,0.8504848847718492,0.2439762652558792,0.396730619898514,0.19786387341693026,0.012993105929652473,28,3
relation_support,evidence_contract,fixtures,nll,17,temperature_bias,50,0.8,0.8079758219077106,0.7248819150103576,0.2432887661706232,0.38588190680422957,0.09763167884392061,0.045323228572614414,28,8
relation_support,evidence_contract,fixtures,accuracy,29,raw,50,0.9,0.9019488653109343,0.8504848847718492,0.12766799999999998,0.19728845654422286,0.03620000000000004,0.013519770576617874,28,3
relation_support,evidence_contract,fixtures,accuracy,29,temperature,50,0.9,0.9019488653109343,0.8504848847718492,0.23594620457363477,0.38390822963267274,0.18651500364055523,0.014457774146840288,28,3
relation_support,evidence_contract,fixtures,accuracy,29,temperature_bias,50,0.8,0.8079758219077106,0.7248819150103576,0.23965117007218237,0.37806008046508305,0.1289265340052534,0.044979529718277254,28,8
relation_support,evidence_contract,fixtures,nll,29,raw,50,0.9,0.9019488653109343,0.8504848847718492,0.12652400000000003,0.19845952302910067,0.056000000000000084,0.014615866672713968,28,3
relation_support,evidence_contract,fixtures,nll,29,temperature,50,0.9,0.9019488653109343,0.8504848847718492,0.2417262237937868,0.3936717994882116,0.19440292599059436,0.015553870242936384,28,3
relation_support,evidence_contract,fixtures,nll,29,temperature_bias,50,0.8,0.8079758219077106,0.7248819150103576,0.24607512001766893,0.38765181961039424,0.10859912081246928,0.04823572097185526,28,8
relation_support,evidence_contract,fixtures,accuracy,43,raw,50,0.9,0.9019488653109343,0.8504848847718492,0.12315200000000003,0.1906530639676847,0.05960000000000005,0.0121686248551714,28,3
relation_support,evidence_contract,fixtures,accuracy,43,temperature,50,0.9,0.9019488653109343,0.8504848847718492,0.18730446371572168,0.32203766312168,0.15728266585011033,0.01403224223194667,28,3
relation_support,evidence_contract,fixtures,accuracy,43,temperature_bias,50,0.84,0.8465608465608465,0.7734561958193741,0.20308790869398075,0.32865809515822875,0.09430533567586434,0.032387208815363104,28,6
relation_support,evidence_contract,fixtures,nll,43,raw,50,0.9,0.9019488653109343,0.8504848847718492,0.12714400000000003,0.19887397989826158,0.05980000000000002,0.014683893883598323,28,3
relation_support,evidence_contract,fixtures,nll,43,temperature,50,0.9,0.9019488653109343,0.8504848847718492,0.24200263032623873,0.3913017225061056,0.19193887169791976,0.015616143206091549,28,3
relation_support,evidence_contract,fixtures,nll,43,temperature_bias,50,0.8,0.8079758219077106,0.7248819150103576,0.23829000834999675,0.3773800116832394,0.10617634136270303,0.04331200505075258,28,8
relation_support,evidence_contract,fixtures,accuracy,71,raw,50,0.9,0.9019488653109343,0.8504848847718492,0.131568,0.20432170039304182,0.056000000000000015,0.015579862026953224,28,3
relation_support,evidence_contract,fixtures,accuracy,71,temperature,50,0.9,0.9019488653109343,0.8504848847718492,0.26553004855198664,0.4217241937377166,0.22908982736131508,0.01654167512098516,28,3
relation_support,evidence_contract,fixtures,accuracy,71,temperature_bias,50,0.8,0.8079758219077106,0.7248819150103576,0.2509107957544599,0.3985665132259485,0.11598587554795607,0.052558527287164834,28,8
relation_support,evidence_contract,fixtures,nll,71,raw,50,0.9,0.9019488653109343,0.8504848847718492,0.126156,0.19663651038292684,0.06559999999999994,0.013036466363256808,28,3
relation_support,evidence_contract,fixtures,nll,71,temperature,50,0.9,0.9019488653109343,0.8504848847718492,0.24095351808969287,0.39011061115392315,0.19132213424660022,0.014493731320521768,28,3
relation_support,evidence_contract,fixtures,nll,71,temperature_bias,50,0.8,0.8079758219077106,0.7248819150103576,0.2436330286747114,0.38304171754880345,0.1047875991454445,0.0477255763545678,28,8
relation_support,evidence_contract,fixtures,accuracy,101,raw,50,0.9,0.9019488653109343,0.8504848847718492,0.133536,0.20572032006498467,0.05260000000000008,0.01552430647139767,28,3
relation_support,evidence_contract,fixtures,accuracy,101,temperature,50,0.9,0.9019488653109343,0.8504848847718492,0.24922224646064567,0.4054113776588557,0.2027764045826787,0.016498940078250122,28,3
relation_support,evidence_contract,fixtures,accuracy,101,temperature_bias,50,0.8,0.8079758219077106,0.7248819150103576,0.2530916925924661,0.3995020321556248,0.11059499996874823,0.05520269409855187,28,8
relation_support,evidence_contract,fixtures,nll,101,raw,50,0.9,0.9019488653109343,0.8504848847718492,0.128304,0.1998256715866834,0.034200000000000036,0.014615866672713968,28,3
relation_support,evidence_contract,fixtures,nll,101,temperature,50,0.9,0.9019488653109343,0.8504848847718492,0.23677126744340246,0.3820991937559723,0.18427368509878958,0.015553870242936384,28,3
relation_support,evidence_contract,fixtures,nll,101,temperature_bias,50,0.8,0.8079758219077106,0.7248819150103576,0.23533787297898276,0.37078509594965886,0.12288047902545449,0.044136834982725366,28,8
relation_support,evidence_contract,additional_corpus,baseline,0,raw,336,0.8660714285714286,0.8537873894357887,0.7880696654390404,0.21358750000000018,1.1171538314798597,0.06315476190476187,0.05293708347318765,166,26
relation_support,evidence_contract,additional_corpus,baseline,0,temperature,336,0.8660714285714286,0.8537873894357887,0.7880696654390404,0.28255444862846757,0.5498745413390302,0.1562015231324762,0.057343935428256575,166,26
relation_support,evidence_contract,additional_corpus,baseline,0,temperature_bias,336,0.7886904761904762,0.7745711251701289,0.6744058205292717,0.25479963222833757,0.48480227803146386,0.10433532788971091,0.05456239193068574,168,60
relation_support,evidence_contract,additional_corpus,accuracy,17,raw,336,0.8660714285714286,0.8537873894357887,0.7880696654390404,0.21460833333333335,1.115829915736284,0.05797619047619051,0.05327904548681058,166,26
relation_support,evidence_contract,additional_corpus,accuracy,17,temperature,336,0.8660714285714286,0.8537873894357887,0.7880696654390404,0.2829206892250023,0.555513264145194,0.15768162430282934,0.05785403820160283,166,26
relation_support,evidence_contract,additional_corpus,accuracy,17,temperature_bias,336,0.7797619047619048,0.7642846453577259,0.6614815224065953,0.2560188236546796,0.4908289992961284,0.11793729327421666,0.056434645706225375,167,63
relation_support,evidence_contract,additional_corpus,nll,17,raw,336,0.8630952380952381,0.8514258637029379,0.7833725013958346,0.21449054657930922,1.0253606457166913,0.061452922077922065,0.053562747716555906,165,26
relation_support,evidence_contract,additional_corpus,nll,17,temperature,336,0.8630952380952381,0.8514258637029379,0.7833725013958346,0.2833198985341913,0.5394484009168853,0.15776343061865253,0.057446805412746146,165,26
relation_support,evidence_contract,additional_corpus,nll,17,temperature_bias,336,0.7857142857142857,0.7689709735223148,0.671481648006857,0.2544311625519788,0.4766974925010055,0.10729347133759982,0.05608273906682599,168,62
relation_support,evidence_contract,additional_corpus,accuracy,29,raw,336,0.8660714285714286,0.8537873894357887,0.7880696654390404,0.21326785714285715,1.0230046749048112,0.058809523809523825,0.05326471147740027,166,26
relation_support,evidence_contract,additional_corpus,accuracy,29,temperature,336,0.8660714285714286,0.8537873894357887,0.7880696654390404,0.2797653105828107,0.5442255274190048,0.15901543425313058,0.05723806066165376,166,26
relation_support,evidence_contract,additional_corpus,accuracy,29,temperature_bias,336,0.7797619047619048,0.7610725129221726,0.6626549580447031,0.257192174256564,0.4844215809230444,0.10628400630896191,0.057153468896931736,167,64
relation_support,evidence_contract,additional_corpus,nll,29,raw,336,0.8690476190476191,0.8574289605291767,0.792362411132743,0.21230632703902919,0.9346075438292765,0.05184343434343436,0.052616024491446985,166,25
relation_support,evidence_contract,additional_corpus,nll,29,temperature,336,0.8690476190476191,0.8574289605291767,0.792362411132743,0.2793721969040018,0.5267343164347225,0.16383262675056798,0.055272746947782704,166,25
relation_support,evidence_contract,additional_corpus,nll,29,temperature_bias,336,0.7857142857142857,0.7688583290088221,0.6745099477052642,0.2537307424565335,0.4677848710437207,0.10972791042166051,0.055983564298199874,169,64
relation_support,evidence_contract,additional_corpus,accuracy,43,raw,336,0.8690476190476191,0.8561453355719144,0.7927867563064173,0.2141595238095238,1.1171098144838907,0.060535714285714304,0.054676152058091385,167,26
relation_support,evidence_contract,additional_corpus,accuracy,43,temperature,336,0.8690476190476191,0.8561453355719144,0.7927867563064173,0.250314119194079,0.598959279563333,0.12202766343394865,0.056949011271308435,167,26
relation_support,evidence_contract,additional_corpus,accuracy,43,temperature_bias,336,0.8244047619047619,0.7990899011638594,0.7227416214964,0.23780610665124935,0.5223674090183271,0.0670309314771093,0.05273869850371446,167,47
relation_support,evidence_contract,additional_corpus,nll,43,raw,336,0.8690476190476191,0.8574289605291767,0.792362411132743,0.21418226328946025,1.115433225819838,0.0586736411736412,0.053615823455311344,166,25
relation_support,evidence_contract,additional_corpus,nll,43,temperature,336,0.8690476190476191,0.8574289605291767,0.792362411132743,0.2834211308628851,0.5533715707075343,0.160731670524959,0.057564230263085915,166,25
relation_support,evidence_contract,additional_corpus,nll,43,temperature_bias,336,0.7886904761904762,0.7745711251701289,0.6744058205292717,0.25337305394512133,0.4853761354386027,0.11087205252629447,0.05530652013123347,168,60
relation_support,evidence_contract,additional_corpus,accuracy,71,raw,336,0.8660714285714286,0.8537873894357887,0.7880696654390404,0.21385476190476194,1.0251717382368488,0.06113095238095238,0.05385316798271708,166,26
relation_support,evidence_contract,additional_corpus,accuracy,71,temperature,336,0.8660714285714286,0.8537873894357887,0.7880696654390404,0.29890483175353383,0.53682444775705,0.1739096720429576,0.05803099833607327,166,26
relation_support,evidence_contract,additional_corpus,accuracy,71,temperature_bias,336,0.7976190476190477,0.7809924918284051,0.6867505747372797,0.2578954548485145,0.46921840225631184,0.11491731415392763,0.05514488588300009,167,57
relation_support,evidence_contract,additional_corpus,nll,71,raw,336,0.8630952380952381,0.8514258637029379,0.7833725013958346,0.2158949812579863,1.1153870114183877,0.05345057720057722,0.05394878591349096,165,26
relation_support,evidence_contract,additional_corpus,nll,71,temperature,336,0.8630952380952381,0.8514258637029379,0.7833725013958346,0.2864284524799354,0.5596131298350528,0.16018246309811457,0.058236233460298416,165,26
relation_support,evidence_contract,additional_corpus,nll,71,temperature_bias,336,0.7767857142857143,0.760611701377557,0.6568568249974263,0.2641727567750972,0.4980848120392948,0.11273135360608848,0.05916123327155406,166,64
relation_support,evidence_contract,additional_corpus,accuracy,101,raw,336,0.8660714285714286,0.8537873894357887,0.7880696654390404,0.21491488095238095,1.1148726590788764,0.06220238095238098,0.05285292722957863,166,26
relation_support,evidence_contract,additional_corpus,accuracy,101,temperature,336,0.8660714285714286,0.8537873894357887,0.7880696654390404,0.28331669092057704,0.553499528977243,0.15780741398202638,0.05760751158053186,166,26
relation_support,evidence_contract,additional_corpus,accuracy,101,temperature_bias,336,0.7857142857142857,0.7720923429462957,0.6703512063066981,0.256202708830175,0.4875779443410612,0.10476699538110099,0.05544149041223033,168,61
relation_support,evidence_contract,additional_corpus,nll,101,raw,336,0.8630952380952381,0.8514258637029379,0.7833725013958346,0.2129333333333334,1.023707484830577,0.06297619047619046,0.05334923981615222,165,26
relation_support,evidence_contract,additional_corpus,nll,101,temperature,336,0.8630952380952381,0.8514258637029379,0.7833725013958346,0.2810282562843536,0.5401848938962296,0.15600223679264055,0.05708614458331214,165,26
relation_support,evidence_contract,additional_corpus,nll,101,temperature_bias,336,0.7886904761904762,0.7699161288279011,0.6762865551008355,0.25280515875239873,0.47652185272046055,0.1064164380111144,0.055394522487249485,168,62
relation_support,evidence_contract,challenge,baseline,0,raw,48,0.9583333333333334,0.9542613573621326,0.9362551057967244,0.06381666666666667,0.09434315854674329,0.04375000000000006,0.0022074789289752285,33,2
relation_support,evidence_contract,challenge,baseline,0,temperature,48,0.9583333333333334,0.9542613573621326,0.9362551057967244,0.11513076903833246,0.19633343533608225,0.10312400913716066,0.0027006643290755222,33,2
relation_support,evidence_contract,challenge,baseline,0,temperature_bias,48,0.9166666666666666,0.9176811594202898,0.877425568699741,0.1059301791584139,0.18620525881553965,0.07521962913977603,0.008000068190970775,33,4
relation_support,evidence_contract,challenge,accuracy,17,raw,48,0.9583333333333334,0.9542613573621326,0.9362551057967244,0.06535833333333334,0.09763697407759335,0.04416666666666663,0.0022074789289752285,33,2
relation_support,evidence_contract,challenge,accuracy,17,temperature,48,0.9583333333333334,0.9542613573621326,0.9362551057967244,0.11466096565721777,0.19543662847864487,0.10187003902061463,0.0027006643290755222,33,2
relation_support,evidence_contract,challenge,accuracy,17,temperature_bias,48,0.9166666666666666,0.9176811594202898,0.877425568699741,0.10372272281610838,0.1842251895763515,0.07023534480100235,0.006917634542747651,33,4
relation_support,evidence_contract,challenge,nll,17,raw,48,0.9583333333333334,0.9542613573621326,0.9362551057967244,0.06552916666666667,0.09735663270234074,0.04354166666666665,0.0022074789289752285,33,2
relation_support,evidence_contract,challenge,nll,17,temperature,48,0.9583333333333334,0.9542613573621326,0.9362551057967244,0.11522435938590374,0.1967329528001256,0.10285428257734645,0.0027006643290755222,33,2
relation_support,evidence_contract,challenge,nll,17,temperature_bias,48,0.9166666666666666,0.9176811594202898,0.877425568699741,0.09957898423073615,0.17893552008178062,0.0674821391809365,0.005888671128113504,33,4
relation_support,evidence_contract,challenge,accuracy,29,raw,48,0.9583333333333334,0.9542613573621326,0.9362551057967244,0.06412083333333334,0.09442018561974748,0.04395833333333332,0.0022074789289752285,33,2
relation_support,evidence_contract,challenge,accuracy,29,temperature,48,0.9583333333333334,0.9542613573621326,0.9362551057967244,0.1108598754457575,0.19036947357599718,0.0985544861220152,0.0027006643290755222,33,2
relation_support,evidence_contract,challenge,accuracy,29,temperature_bias,48,0.9166666666666666,0.9176811594202898,0.877425568699741,0.10499723581612781,0.18415163308737062,0.07088018633959034,0.008000068190970775,33,4
relation_support,evidence_contract,challenge,nll,29,raw,48,0.9583333333333334,0.9542613573621326,0.9362551057967244,0.06319999999999999,0.09477563409600599,0.057083333333333264,0.0022074789289752285,33,2
relation_support,evidence_contract,challenge,nll,29,temperature,48,0.9583333333333334,0.9542613573621326,0.9362551057967244,0.11383405677414961,0.19448062764050722,0.10143346367374516,0.0027006643290755222,33,2
relation_support,evidence_contract,challenge,nll,29,temperature_bias,48,0.9166666666666666,0.9176811594202898,0.877425568699741,0.10015587931889787,0.17900727354460763,0.07197853819891305,0.006917634542747651,33,4
relation_support,evidence_contract,challenge,accuracy,43,raw,48,0.9583333333333334,0.9542613573621326,0.9362551057967244,0.06474999999999999,0.09788677833957111,0.04374999999999997,0.00314392674042304,33,2
relation_support,evidence_contract,challenge,accuracy,43,temperature,48,0.9583333333333334,0.9542613573621326,0.9362551057967244,0.08961266483378177,0.16288123702810053,0.09651802860173841,0.0031851604531065304,33,2
relation_support,evidence_contract,challenge,accuracy,43,temperature_bias,48,0.9583333333333334,0.9542613573621326,0.9362551057967244,0.09106636095575678,0.1628583570428561,0.06356289386270124,0.005606316575844578,33,2
relation_support,evidence_contract,challenge,nll,43,raw,48,0.9583333333333334,0.9542613573621326,0.9362551057967244,0.05931666666666666,0.08883938771552359,0.05520833333333335,0.0022074789289752285,33,2
relation_support,evidence_contract,challenge,nll,43,temperature,48,0.9583333333333334,0.9542613573621326,0.9362551057967244,0.11520318560529708,0.19654506752485315,0.10383193317884323,0.0027006643290755222,33,2
relation_support,evidence_contract,challenge,nll,43,temperature_bias,48,0.9166666666666666,0.9176811594202898,0.877425568699741,0.09904660082522093,0.17806942325245811,0.06810966185739036,0.005888671128113504,33,4
relation_support,evidence_contract,challenge,accuracy,71,raw,48,0.9583333333333334,0.9542613573621326,0.9362551057967244,0.06239166666666667,0.09368072496575726,0.04249999999999995,0.0022074789289752285,33,2
relation_support,evidence_contract,challenge,accuracy,71,temperature,48,0.9583333333333334,0.9542613573621326,0.9362551057967244,0.12833796769951406,0.2186198314741984,0.1201343893998651,0.0027006643290755222,33,2
relation_support,evidence_contract,challenge,accuracy,71,temperature_bias,48,0.9166666666666666,0.9176811594202898,0.877425568699741,0.10350844726704707,0.19233908521550425,0.07987616250067481,0.005888671128113504,33,4
relation_support,evidence_contract,challenge,nll,71,raw,48,0.9583333333333334,0.9542613573621326,0.9362551057967244,0.0687625,0.10348501882507628,0.0447916666666667,0.00314392674042304,33,2
relation_support,evidence_contract,challenge,nll,71,temperature,48,0.9583333333333334,0.9542613573621326,0.9362551057967244,0.1171935360662829,0.19861252408960117,0.10346612257160882,0.00314392674042304,33,2
relation_support,evidence_contract,challenge,nll,71,temperature_bias,48,0.9166666666666666,0.9176811594202898,0.877425568699741,0.10174464308444842,0.18147341942536507,0.06731400161609938,0.007914785539898649,33,4
relation_support,evidence_contract,challenge,accuracy,101,raw,48,0.9583333333333334,0.9542613573621326,0.9362551057967244,0.06576666666666668,0.09845592607638798,0.04354166666666672,0.0022074789289752285,33,2
relation_support,evidence_contract,challenge,accuracy,101,temperature,48,0.9583333333333334,0.9542613573621326,0.9362551057967244,0.11202352934133077,0.18983459817519457,0.09674477549036017,0.0027006643290755222,33,2
relation_support,evidence_contract,challenge,accuracy,101,temperature_bias,48,0.9166666666666666,0.9176811594202898,0.877425568699741,0.1010749969832855,0.17865506099223527,0.08255000693738927,0.007451822576935686,33,4
relation_support,evidence_contract,challenge,nll,101,raw,48,0.9583333333333334,0.9542613573621326,0.9362551057967244,0.07093333333333333,0.10595216946385078,0.045000000000000026,0.00314392674042304,33,2
relation_support,evidence_contract,challenge,nll,101,temperature,48,0.9583333333333334,0.9542613573621326,0.9362551057967244,0.11108034505986063,0.18831673587572195,0.09491101946704976,0.00314392674042304,33,2
relation_support,evidence_contract,challenge,nll,101,temperature_bias,48,0.9166666666666666,0.9176811594202898,0.877425568699741,0.09984450284189424,0.17627065053676325,0.060883489884579554,0.007451822576935686,33,4
relation_support,fewshot_contract,evaluation,baseline,0,raw,339,0.855457227138643,0.8537819039614787,0.7778937296552683,0.2339038348082597,1.137366232325731,0.07988200589970493,0.0597722638144526,177,24
relation_support,fewshot_contract,evaluation,baseline,0,temperature,339,0.855457227138643,0.8537819039614787,0.7778937296552683,0.24566103023582797,0.6458505933109713,0.09587425010676386,0.06104589776860775,177,24
relation_support,fewshot_contract,evaluation,baseline,0,temperature_bias,339,0.8495575221238938,0.8444666305066965,0.7659131156977713,0.24565229106873088,0.6077687722751255,0.07367456333998587,0.05928546896127246,180,34
relation_support,fewshot_contract,evaluation,accuracy,17,raw,339,0.855457227138643,0.8526411594068187,0.7780217118522986,0.23490206489675516,1.050430332124444,0.0822418879056048,0.057135644331235726,176,23
relation_support,fewshot_contract,evaluation,accuracy,17,temperature,339,0.855457227138643,0.8526411594068187,0.7780217118522986,0.24506793835692373,0.6131902245865347,0.09737148260703163,0.058022247758660196,176,23
relation_support,fewshot_contract,evaluation,accuracy,17,temperature_bias,339,0.8525073746312685,0.8468101244904193,0.7709474349424953,0.24296799894021573,0.5767314508144346,0.07077726364124459,0.05626869359684575,182,35
relation_support,fewshot_contract,evaluation,nll,17,raw,339,0.855457227138643,0.8525749321025794,0.7777568312923282,0.23311622418879055,1.1339019047768963,0.07454277286135697,0.060025489392696425,176,24
relation_support,fewshot_contract,evaluation,nll,17,temperature,339,0.855457227138643,0.8525749321025794,0.7777568312923282,0.24621160082801355,0.6446926056847821,0.10485807505409503,0.061258847811827874,176,24
relation_support,fewshot_contract,evaluation,nll,17,temperature_bias,339,0.8584070796460177,0.8545327405835792,0.7800310657421303,0.24419247527236823,0.609817926992145,0.08162376189896908,0.05911052438465907,183,32
relation_support,fewshot_contract,evaluation,accuracy,29,raw,339,0.855457227138643,0.8525626330778652,0.7775129960276385,0.23409026548672573,1.0499626917727323,0.075693215339233,0.05765369590600899,177,24
relation_support,fewshot_contract,evaluation,accuracy,29,temperature,339,0.855457227138643,0.8525626330778652,0.7775129960276385,0.2800923816075166,0.5704490257628138,0.15534646900570526,0.06023442024924691,177,24
relation_support,fewshot_contract,evaluation,accuracy,29,temperature_bias,339,0.799410029498525,0.7860362257519817,0.6958411691559139,0.2790415464931408,0.5333199668544214,0.08039602174486729,0.06524512480455709,176,57
relation_support,fewshot_contract,evaluation,nll,29,raw,339,0.8525073746312685,0.8500966173566068,0.7731845679470043,0.23415848933601693,1.1375736344081273,0.0730326867495009,0.060063246556098994,176,24
relation_support,fewshot_contract,evaluation,nll,29,temperature,339,0.8525073746312685,0.8500966173566068,0.7731845679470043,0.24652995832108957,0.6406407658995541,0.09977152942449188,0.06093493021014865,176,24
relation_support,fewshot_contract,evaluation,nll,29,temperature_bias,339,0.855457227138643,0.8502021771450049,0.7751796182155759,0.24731351251986314,0.6009519807811844,0.08526643208718056,0.05892283525645997,182,33
relation_support,fewshot_contract,evaluation,accuracy,43,raw,339,0.855457227138643,0.8526411594068187,0.7780217118522986,0.23341415929203543,1.1354823092018487,0.07961651917404133,0.05921421658790913,176,23
relation_support,fewshot_contract,evaluation,accuracy,43,temperature,339,0.855457227138643,0.8526411594068187,0.7780217118522986,0.2472418528803964,0.6389743527979403,0.10846712081059721,0.06044784113857811,176,23
relation_support,fewshot_contract,evaluation,accuracy,43,temperature_bias,339,0.8584070796460177,0.8531731172463438,0.7800641925444158,0.2455004214322216,0.6043382935312125,0.08883678872416527,0.058773397828925586,183,33
relation_support,fewshot_contract,evaluation,nll,43,raw,339,0.8584070796460177,0.8562694661505335,0.7824621236396272,0.23438136244600888,1.137525798857628,0.08250409701737138,0.060609787316924735,177,24
relation_support,fewshot_contract,evaluation,nll,43,temperature,339,0.8584070796460177,0.8562694661505335,0.7824621236396272,0.24888393561471767,0.6418094953562046,0.10746119165412349,0.06148028987341188,177,24
relation_support,fewshot_contract,evaluation,nll,43,temperature_bias,339,0.8525073746312685,0.8476722994220344,0.7707247306975515,0.24884556077735043,0.601893009517982,0.08614020756462144,0.0600745669595911,182,34
relation_support,fewshot_contract,evaluation,accuracy,71,raw,339,0.855457227138643,0.8525749321025794,0.7777568312923282,0.23301515028115546,1.1345313955781104,0.06998867733381005,0.05832246272573575,176,24
relation_support,fewshot_contract,evaluation,accuracy,71,temperature,339,0.855457227138643,0.8525749321025794,0.7777568312923282,0.24484877337844835,0.6408311831587772,0.1017228388977192,0.0595591131745207,176,24
relation_support,fewshot_contract,evaluation,accuracy,71,temperature_bias,339,0.855457227138643,0.8493415665764742,0.7753885148420772,0.2452045239204256,0.6023849138892081,0.07873924511534608,0.057673170200625665,182,34
relation_support,fewshot_contract,evaluation,nll,71,raw,339,0.855457227138643,0.8526411594068187,0.7780217118522986,0.23608613569321532,1.1400527135023746,0.07994100294985249,0.059351432850722585,176,23
relation_support,fewshot_contract,evaluation,nll,71,temperature,339,0.855457227138643,0.8526411594068187,0.7780217118522986,0.24749732234424707,0.640117189109758,0.10199959051934036,0.059479343462474,176,23
relation_support,fewshot_contract,evaluation,nll,71,temperature_bias,339,0.8525073746312685,0.8469043414253264,0.7706387789706343,0.24811358342069859,0.6001860078528242,0.08359247839532356,0.05829267041829544,181,34
relation_support,fewshot_contract,evaluation,accuracy,101,raw,339,0.8525073746312685,0.8510592742844265,0.7736354185975317,0.23506194690265467,1.1373321004223835,0.08100294985250729,0.05976947011499087,175,22
relation_support,fewshot_contract,evaluation,accuracy,101,temperature,339,0.8525073746312685,0.8510592742844265,0.7736354185975317,0.24711585513603787,0.6418507880894866,0.10410965990520311,0.06047630908060143,175,22
relation_support,fewshot_contract,evaluation,accuracy,101,temperature_bias,339,0.8584070796460177,0.8545327405835792,0.7800310657421303,0.24607036812264377,0.6044035128534004,0.0889184485478298,0.05825188854639122,183,32
relation_support,fewshot_contract,evaluation,nll,101,raw,339,0.855457227138643,0.8526411594068187,0.7780217118522986,0.23375921655095705,1.139048181769888,0.07799976162808019,0.0605972487850852,176,23
relation_support,fewshot_contract,evaluation,nll,101,temperature,339,0.855457227138643,0.8526411594068187,0.7780217118522986,0.24646167632168117,0.6457743827667195,0.10275537485631664,0.0610481399595357,176,23
relation_support,fewshot_contract,evaluation,nll,101,temperature_bias,339,0.8613569321533924,0.8583834838619655,0.784860811863421,0.2446192244889519,0.6098328176552955,0.08216483748307563,0.05839854456242166,184,32
relation_support,fewshot_contract,fixtures,baseline,0,raw,50,0.94,0.9413869514675967,0.9137621447784783,0.09844800000000004,0.16650163137921228,0.06279999999999997,0.009802897218230567,30,3
relation_support,fewshot_contract,fixtures,baseline,0,temperature,50,0.94,0.9413869514675967,0.9137621447784783,0.15188309155321242,0.2623393495946246,0.13507045781347193,0.009802897218230567,30,3
relation_support,fewshot_contract,fixtures,baseline,0,temperature_bias,50,0.9,0.9024125779343996,0.8615502824168653,0.148492443656251,0.25202437003878575,0.12300642385489294,0.014485843032052031,30,5
relation_support,fewshot_contract,fixtures,accuracy,17,raw,50,0.92,0.9218567251461988,0.8816482990127631,0.10194399999999999,0.1697702554500195,0.05019999999999994,0.010758452773786122,29,3
relation_support,fewshot_contract,fixtures,accuracy,17,temperature,50,0.92,0.9218567251461988,0.8816482990127631,0.1545287694706045,0.27028547136731407,0.13105509263271534,0.011166616039092242,29,3
relation_support,fewshot_contract,fixtures,accuracy,17,temperature_bias,50,0.92,0.9219072444878896,0.8871533598629292,0.15438862925733654,0.26374070388762344,0.10541487435493054,0.015343127333075674,30,4
relation_support,fewshot_contract,fixtures,nll,17,raw,50,0.92,0.9218567251461988,0.8816482990127631,0.10126800000000001,0.17040806468619535,0.06460000000000006,0.01118398468867974,29,3
relation_support,fewshot_contract,fixtures,nll,17,temperature,50,0.92,0.9218567251461988,0.8816482990127631,0.15251678424634177,0.2616058335532659,0.11159655255878509,0.01118398468867974,29,3
relation_support,fewshot_contract,fixtures,nll,17,temperature_bias,50,0.92,0.9219072444878896,0.8871533598629292,0.14935839062458256,0.25180253653679546,0.09530714030584253,0.01519723067654072,30,4
relation_support,fewshot_contract,fixtures,accuracy,29,raw,50,0.92,0.9218567251461988,0.8816482990127631,0.10238799999999999,0.17601219020368364,0.0492,0.011918116639332338,29,3
relation_support,fewshot_contract,fixtures,accuracy,29,temperature,50,0.92,0.9218567251461988,0.8816482990127631,0.1995857529313249,0.3265460137499003,0.16389498431878602,0.014085584327217628,29,3
relation_support,fewshot_contract,fixtures,accuracy,29,temperature_bias,50,0.88,0.8828047347971446,0.8368709846883443,0.19973227787769596,0.32210147560943503,0.10300367258752617,0.02467941808813852,30,6
relation_support,fewshot_contract,fixtures,nll,29,raw,50,0.92,0.9218567251461988,0.8816482990127631,0.10293199999999998,0.17334895724634744,0.05059999999999998,0.01118398468867974,29,3
relation_support,fewshot_contract,fixtures,nll,29,temperature,50,0.92,0.9218567251461988,0.8816482990127631,0.15717433629351318,0.27008950268340326,0.11898559379415681,0.01175541326010831,29,3
relation_support,fewshot_contract,fixtures,nll,29,temperature_bias,50,0.9,0.9024125779343996,0.8615502824168653,0.15520372983727565,0.26222209149281017,0.09765372321548085,0.015579862026953224,30,5
relation_support,fewshot_contract,fixtures,accuracy,43,raw,50,0.94,0.9413869514675967,0.9137621447784783,0.09956000000000001,0.16900789682632497,0.060400000000000044,0.010358452773786123,30,3
relation_support,fewshot_contract,fixtures,accuracy,43,temperature,50,0.94,0.9413869514675967,0.9137621447784783,0.15630822155987475,0.2729483760157512,0.1486030642604098,0.010358452773786123,30,3
relation_support,fewshot_contract,fixtures,accuracy,43,temperature_bias,50,0.92,0.9219072444878896,0.8871533598629292,0.15384363144710445,0.2639355931237146,0.10685420057161596,0.015271698761647103,30,4
relation_support,fewshot_contract,fixtures,nll,43,raw,50,0.92,0.9218567251461988,0.8816482990127631,0.099864,0.1674460983704192,0.0636,0.010628429133124184,29,3
relation_support,fewshot_contract,fixtures,nll,43,temperature,50,0.92,0.9218567251461988,0.8816482990127631,0.15525988344620628,0.26802267879525865,0.12604768792608637,0.011628429133124181,29,3
relation_support,fewshot_contract,fixtures,nll,43,temperature_bias,50,0.92,0.9219072444878896,0.8871533598629292,0.1536578654971187,0.2604000032558606,0.10390031822787013,0.01470942579849194,30,4
relation_support,fewshot_contract,fixtures,accuracy,71,raw,50,0.92,0.9218567251461988,0.8816482990127631,0.09932400000000001,0.16644312747060996,0.051400000000000064,0.010341786107119454,29,3
relation_support,fewshot_contract,fixtures,accuracy,71,temperature,50,0.92,0.9218567251461988,0.8816482990127631,0.15173973163081347,0.2628803117914231,0.1144290630800464,0.010341786107119454,29,3
relation_support,fewshot_contract,fixtures,accuracy,71,temperature_bias,50,0.9,0.9024125779343996,0.8615502824168653,0.15079057481087654,0.2560359828646255,0.07958580073525238,0.014683893883598323,30,5
relation_support,fewshot_contract,fixtures,nll,71,raw,50,0.92,0.9218567251461988,0.8816482990127631,0.10213599999999999,0.17123956379017144,0.050399999999999966,0.01118398468867974,29,3
relation_support,fewshot_contract,fixtures,nll,71,temperature,50,0.92,0.9218567251461988,0.8816482990127631,0.155265648932142,0.26722359370266846,0.12488781363409615,0.01118398468867974,29,3
relation_support,fewshot_contract,fixtures,nll,71,temperature_bias,50,0.92,0.9219072444878896,0.8871533598629292,0.1535209915840606,0.25994854901631576,0.10287098866010849,0.014771698761647101,30,4
relation_support,fewshot_contract,fixtures,accuracy,101,raw,50,0.94,0.9413869514675967,0.9137621447784783,0.09889999999999999,0.16837935579575133,0.060800000000000035,0.010358452773786123,30,3
relation_support,fewshot_contract,fixtures,accuracy,101,temperature,50,0.94,0.9413869514675967,0.9137621447784783,0.15467240205986435,0.26721791489948615,0.13778955953646568,0.010358452773786123,30,3
relation_support,fewshot_contract,fixtures,accuracy,101,temperature_bias,50,0.92,0.9219072444878896,0.8871533598629292,0.15252705280034903,0.2590220923294003,0.10263505777962126,0.014771698761647101,30,4
relation_support,fewshot_contract,fixtures,nll,101,raw,50,0.92,0.9218567251461988,0.8816482990127631,0.10010800000000003,0.1696978121158252,0.051199999999999996,0.010758452773786122,29,3
relation_support,fewshot_contract,fixtures,nll,101,temperature,50,0.92,0.9218567251461988,0.8816482990127631,0.15300292532736276,0.2636187959647898,0.1146542280772812,0.010758452773786122,29,3
relation_support,fewshot_contract,fixtures,nll,101,temperature_bias,50,0.92,0.9219072444878896,0.8871533598629292,0.14946140914796605,0.25306634463709704,0.096661853697596,0.014641675120985164,30,4
relation_support,fewshot_contract,additional_corpus,baseline,0,raw,336,0.8660714285714286,0.8569490211281257,0.7857846880814028,0.20999061508543843,0.7479192803419265,0.05073863636363633,0.042449339883290534,165,24
relation_support,fewshot_contract,additional_corpus,baseline,0,temperature,336,0.8660714285714286,0.8569490211281257,0.7857846880814028,0.22798633251475367,0.5073531062649179,0.09443629361853216,0.0428955852735816,165,24
relation_support,fewshot_contract,additional_corpus,baseline,0,temperature_bias,336,0.8601190476190477,0.8454892107413197,0.7791185585192135,0.2204277276636868,0.47800040789167947,0.0650341909601963,0.038500306701021794,173,37
relation_support,fewshot_contract,additional_corpus,accuracy,17,raw,336,0.8630952380952381,0.8530561676408802,0.7813742034925144,0.21015,0.6596370156583353,0.05931547619047617,0.04057538943190601,165,26
relation_support,fewshot_contract,additional_corpus,accuracy,17,temperature,336,0.8630952380952381,0.8530561676408802,0.7813742034925144,0.22733829892729474,0.47590216245053646,0.08713979935200827,0.041675698242994205,165,26
relation_support,fewshot_contract,additional_corpus,accuracy,17,temperature_bias,336,0.8601190476190477,0.8419816208885345,0.7770547785247345,0.2180741213234022,0.4473324571972207,0.06751562495883907,0.03631525876060255,171,35
relation_support,fewshot_contract,additional_corpus,nll,17,raw,336,0.8660714285714286,0.8554671527520593,0.7861867829792939,0.21049345238095235,0.7484996051352374,0.05821428571428569,0.04266497003547008,165,25
relation_support,fewshot_contract,additional_corpus,nll,17,temperature,336,0.8660714285714286,0.8554671527520593,0.7861867829792939,0.22932110804683725,0.5086003828642462,0.09569876010924251,0.043081277276536066,165,25
relation_support,fewshot_contract,additional_corpus,nll,17,temperature_bias,336,0.8601190476190477,0.8440412842538051,0.7792630789019243,0.21975744856462265,0.47919422749310925,0.06478090757117201,0.03869580233289298,173,37
relation_support,fewshot_contract,additional_corpus,accuracy,29,raw,336,0.8690476190476191,0.859292776785196,0.7905158809721932,0.21044821428571428,0.7481070647393538,0.05321428571428575,0.04272412938949223,166,24
relation_support,fewshot_contract,additional_corpus,accuracy,29,temperature,336,0.8690476190476191,0.859292776785196,0.7905158809721932,0.26546426924553285,0.5068671156242532,0.15323704010057104,0.04380744987413825,166,24
relation_support,fewshot_contract,additional_corpus,accuracy,29,temperature_bias,336,0.8154761904761905,0.7873239434177205,0.709679121875149,0.25679785217865625,0.4745353429937152,0.08861295016480172,0.046657781166591895,165,51
relation_support,fewshot_contract,additional_corpus,nll,29,raw,336,0.8660714285714286,0.8554671527520593,0.7861867829792939,0.21077976190476191,0.751136261674136,0.058571428571428545,0.04244298487946986,165,25
relation_support,fewshot_contract,additional_corpus,nll,29,temperature,336,0.8660714285714286,0.8554671527520593,0.7861867829792939,0.2293881519205422,0.5060985361303529,0.09396917402244556,0.04276233289485109,165,25
relation_support,fewshot_contract,additional_corpus,nll,29,temperature_bias,336,0.8601190476190477,0.8419816208885345,0.7770547785247345,0.22208877257798887,0.4755683529523677,0.0739740471709352,0.0384484796655752,171,35
relation_support,fewshot_contract,additional_corpus,accuracy,43,raw,336,0.8660714285714286,0.8569490211281257,0.7857846880814028,0.20903095238095254,0.7479536575823906,0.06360119047619046,0.042313484065263196,165,24
relation_support,fewshot_contract,additional_corpus,accuracy,43,temperature,336,0.8660714285714286,0.8569490211281257,0.7857846880814028,0.23021312730880147,0.5071388071690686,0.09840674089046225,0.042929369938192546,165,24
relation_support,fewshot_contract,additional_corpus,accuracy,43,temperature_bias,336,0.8660714285714286,0.8518140307181404,0.7877478813913373,0.22106636036479138,0.4785616473879594,0.08400349549898413,0.03853683655255803,173,35
relation_support,fewshot_contract,additional_corpus,nll,43,raw,336,0.8601190476190477,0.8493328046991865,0.7770464055959084,0.21043721267509166,0.749738297605363,0.0671227152477152,0.04252366740021298,165,27
relation_support,fewshot_contract,additional_corpus,nll,43,temperature,336,0.8601190476190477,0.8493328046991865,0.7770464055959084,0.23058836040483235,0.506832690118249,0.09751797520757195,0.043178650565126674,165,27
relation_support,fewshot_contract,additional_corpus,nll,43,temperature_bias,336,0.8630952380952381,0.8469314254007524,0.7823954720914421,0.2231047680066574,0.4767793067020238,0.07977656573067582,0.03848253052620192,172,35
relation_support,fewshot_contract,additional_corpus,accuracy,71,raw,336,0.8690476190476191,0.8578775978454951,0.7910236960999084,0.21081428571428576,0.7491026906762277,0.062053571428571395,0.04218619427150607,165,24
relation_support,fewshot_contract,additional_corpus,accuracy,71,temperature,336,0.8690476190476191,0.8578775978454951,0.7910236960999084,0.22867758104534727,0.5065664195572667,0.09672915874060026,0.04279068537688239,165,24
relation_support,fewshot_contract,additional_corpus,accuracy,71,temperature_bias,336,0.8630952380952381,0.8469314254007524,0.7823954720914421,0.22176641286062926,0.4778331890767933,0.07577860589951306,0.03840497154286705,172,35
relation_support,fewshot_contract,additional_corpus,nll,71,raw,336,0.8630952380952381,0.8516800462202762,0.781811519995619,0.2100678571428571,0.7477759036277535,0.06476190476190478,0.042358046530552876,166,27
relation_support,fewshot_contract,additional_corpus,nll,71,temperature,336,0.8630952380952381,0.8516800462202762,0.781811519995619,0.2298093310753579,0.5064221638025044,0.09400331568719839,0.043002161195997056,166,27
relation_support,fewshot_contract,additional_corpus,nll,71,temperature_bias,336,0.8601190476190477,0.8419816208885345,0.7770547785247345,0.22228066203209296,0.47567776781508264,0.07600799572461224,0.03837691224821303,171,35
relation_support,fewshot_contract,additional_corpus,accuracy,101,raw,336,0.8630952380952381,0.8517527333975913,0.7818412290807444,0.2108071428571429,0.7497554622173287,0.05833333333333331,0.04281848055823628,165,26
relation_support,fewshot_contract,additional_corpus,accuracy,101,temperature,336,0.8630952380952381,0.8517527333975913,0.7818412290807444,0.23011294266990814,0.5083529059161613,0.0986690050776176,0.043026822194426516,165,26
relation_support,fewshot_contract,additional_corpus,accuracy,101,temperature_bias,336,0.8601190476190477,0.8430405819446914,0.7781149779394506,0.22127644707720748,0.47756776551510166,0.0851034702030229,0.038743605256487276,172,36
relation_support,fewshot_contract,additional_corpus,nll,101,raw,336,0.8660714285714286,0.8554671527520593,0.7861867829792939,0.2091517857142858,0.7488488488879002,0.060178571428571415,0.04192174136941561,165,25
relation_support,fewshot_contract,additional_corpus,nll,101,temperature,336,0.8660714285714286,0.8554671527520593,0.7861867829792939,0.22807689475222823,0.5070004384391734,0.09346647688088723,0.04234104326252223,165,25
relation_support,fewshot_contract,additional_corpus,nll,101,temperature_bias,336,0.8601190476190477,0.8440412842538051,0.7792630789019243,0.2215503321082306,0.4814157791015853,0.06609001970379258,0.03902528126127545,173,37
relation_support,fewshot_contract,challenge,baseline,0,raw,48,0.9375,0.9295699993374411,0.9053221118199766,0.10202083333333335,0.18664429788898854,0.04229166666666668,0.010754882759869354,33,3
relation_support,fewshot_contract,challenge,baseline,0,temperature,48,0.9375,0.9295699993374411,0.9053221118199766,0.12165394057731278,0.2390421111119898,0.1173136225863917,0.010974027219897403,33,3
relation_support,fewshot_contract,challenge,baseline,0,temperature_bias,48,0.9375,0.9295699993374411,0.9053221118199766,0.10639257630484732,0.21058994189990762,0.07013955645631964,0.007957320035132921,33,3
relation_support,fewshot_contract,challenge,accuracy,17,raw,48,0.9375,0.9295699993374411,0.9053221118199766,0.09943333333333332,0.18230926922745502,0.04229166666666666,0.010754882759869354,33,3
relation_support,fewshot_contract,challenge,accuracy,17,temperature,48,0.9375,0.9295699993374411,0.9053221118199766,0.11817747431290469,0.23124786931950556,0.13711520304123007,0.010301984209144716,33,3
relation_support,fewshot_contract,challenge,accuracy,17,temperature_bias,48,0.9375,0.9295699993374411,0.9053221118199766,0.10367402435701406,0.2053399219016329,0.07502317197912657,0.007957320035132921,33,3
relation_support,fewshot_contract,challenge,nll,17,raw,48,0.9375,0.9295699993374411,0.9053221118199766,0.09819583333333333,0.18003970676347028,0.03604166666666664,0.010974027219897403,33,3
relation_support,fewshot_contract,challenge,nll,17,temperature,48,0.9375,0.9295699993374411,0.9053221118199766,0.1215618520142195,0.2396105285563079,0.14443609286196643,0.010974027219897403,33,3
relation_support,fewshot_contract,challenge,nll,17,temperature_bias,48,0.9375,0.9295699993374411,0.9053221118199766,0.1065108518989384,0.21119843456939447,0.08105058062385674,0.007436486701799587,33,3
relation_support,fewshot_contract,challenge,accuracy,29,raw,48,0.9375,0.9295699993374411,0.9053221118199766,0.09945,0.1833613115586827,0.03666666666666673,0.00965094254247805,33,3
relation_support,fewshot_contract,challenge,accuracy,29,temperature,48,0.9375,0.9295699993374411,0.9053221118199766,0.17670307648813674,0.32374356917163694,0.19100060468051058,0.01202081677471325,33,3
relation_support,fewshot_contract,challenge,accuracy,29,temperature_bias,48,0.9375,0.9325028058361392,0.9047966501452144,0.1514401088596949,0.2873508427382623,0.16283411532784062,0.010832246924141734,32,3
relation_support,fewshot_contract,challenge,nll,29,raw,48,0.9375,0.9295699993374411,0.9053221118199766,0.10052499999999999,0.1843553308899355,0.037708333333333274,0.010301984209144716,33,3
relation_support,fewshot_contract,challenge,nll,29,temperature,48,0.9375,0.9295699993374411,0.9053221118199766,0.12240238963128387,0.24199811824792752,0.12149117912061788,0.010301984209144716,33,3
relation_support,fewshot_contract,challenge,nll,29,temperature_bias,48,0.9375,0.9295699993374411,0.9053221118199766,0.10693323231405379,0.21433796101086974,0.0910599718375484,0.007436486701799587,33,3
relation_support,fewshot_contract,challenge,accuracy,43,raw,48,0.9375,0.9295699993374411,0.9053221118199766,0.10240833333333334,0.18727612942496064,0.04187499999999995,0.010754882759869354,33,3
relation_support,fewshot_contract,challenge,accuracy,43,temperature,48,0.9375,0.9295699993374411,0.9053221118199766,0.12629996083947315,0.24615533141753557,0.09934620999434977,0.010301984209144716,33,3
relation_support,fewshot_contract,challenge,accuracy,43,temperature_bias,48,0.9375,0.9295699993374411,0.9053221118199766,0.10972554255327031,0.2163220041875701,0.0780725081123318,0.007957320035132921,33,3
relation_support,fewshot_contract,challenge,nll,43,raw,48,0.9375,0.9295699993374411,0.9053221118199766,0.10145416666666668,0.18573324583096254,0.04249999999999997,0.010754882759869354,33,3
relation_support,fewshot_contract,challenge,nll,43,temperature,48,0.9375,0.9295699993374411,0.9053221118199766,0.12296386481977434,0.24140159800363656,0.12121999740759913,0.010301984209144716,33,3
relation_support,fewshot_contract,challenge,nll,43,temperature_bias,48,0.9375,0.9295699993374411,0.9053221118199766,0.10865274394798474,0.21591824616544442,0.08326292136586462,0.007436486701799587,33,3
relation_support,fewshot_contract,challenge,accuracy,71,raw,48,0.9375,0.9295699993374411,0.9053221118199766,0.09980833333333335,0.18205644037959676,0.04083333333333336,0.010754882759869354,33,3
relation_support,fewshot_contract,challenge,accuracy,71,temperature,48,0.9375,0.9295699993374411,0.9053221118199766,0.12360764401613861,0.24384298268807114,0.14875501010059772,0.010301984209144716,33,3
relation_support,fewshot_contract,challenge,accuracy,71,temperature_bias,48,0.9375,0.9295699993374411,0.9053221118199766,0.11157094884801232,0.2203713369500344,0.0879295114627149,0.008999638150621768,33,3
relation_support,fewshot_contract,challenge,nll,71,raw,48,0.9375,0.9295699993374411,0.9053221118199766,0.09918333333333333,0.17290155649134661,0.03604166666666662,0.007811646217887607,33,3
relation_support,fewshot_contract,challenge,nll,71,temperature,48,0.9375,0.9295699993374411,0.9053221118199766,0.12247622315243567,0.24155291777931698,0.12416338550861501,0.0084068843131257,33,3
relation_support,fewshot_contract,challenge,nll,71,temperature_bias,48,0.9375,0.9295699993374411,0.9053221118199766,0.1056150509390014,0.21266482906660558,0.08552438244182102,0.006940454955767842,33,3
relation_support,fewshot_contract,challenge,accuracy,101,raw,48,0.9375,0.9295699993374411,0.9053221118199766,0.10002500000000003,0.18268466409213602,0.036458333333333356,0.010974027219897403,33,3
relation_support,fewshot_contract,challenge,accuracy,101,temperature,48,0.9375,0.9295699993374411,0.9053221118199766,0.1254773109969726,0.2484547227384971,0.12692472959571352,0.011668471664341847,33,3
relation_support,fewshot_contract,challenge,accuracy,101,temperature_bias,48,0.9375,0.9295699993374411,0.9053221118199766,0.10875899716141267,0.21897803017595666,0.07825017463014389,0.007436486701799587,33,3
relation_support,fewshot_contract,challenge,nll,101,raw,48,0.9375,0.9295699993374411,0.9053221118199766,0.10085,0.18268840685767787,0.04229166666666664,0.011426925770622041,33,3
relation_support,fewshot_contract,challenge,nll,101,temperature,48,0.9375,0.9295699993374411,0.9053221118199766,0.12130289635504621,0.2393298246297667,0.11986400399598977,0.010974027219897403,33,3
relation_support,fewshot_contract,challenge,nll,101,temperature_bias,48,0.9375,0.9295699993374411,0.9053221118199766,0.10396382642479195,0.20704598556968867,0.0691786830379115,0.006940454955767842,33,3
